UTCTIME,UNIXTIME,ALT,LAT,LON,#SATS,FIX,HORZV,VERTV,HEAD,FLAGS,>40,>32,>24,RSSI,BATT,Altitude AGL,Launch detection,Apogee detection,Landing detection,Distance (feet)
Mar 30 2026 13:47:10.400 UTC,1774896430.4,1362.3,33.49817,-99.33435,27,3,0,0,126,1,2,14,7,-55,4.055,0.3,FALSE,FALSE,FALSE,0.0000
Mar 30 2026 13:47:10.500 UTC,1774896430.5,1362.3,33.49817,-99.33435,27,3,0,0,48,1,2,14,7,-55,4.055,0.3,FALSE,FALSE,FALSE,0.0000
Mar 30 2026 13:47:10.600 UTC,1774896430.6,1362.3,33.49817,-99.33435,27,3,0,0,-6,1,2,14,7,-55,4.055,0.3,FALSE,FALSE,FALSE,0.0000
Mar 30 2026 13:47:10.700 UTC,1774896430.7,1362.3,33.49817,-99.33435,27,3,0,0,-158,1,2,14,7,-55,4.055,0.3,FALSE,FALSE,FALSE,0.0000
Mar 30 2026 13:47:10.800 UTC,1774896430.8,1362.3,33.49817,-99.33435,27,3,0,0,94,1,2,14,7,-55,4.055,0.3,FALSE,FALSE,FALSE,0.0000
Mar 30 2026 13:47:10.900 UTC,1774896430.9,1362.3,33.49817,-99.33435,27,3,0,0,-17,1,2,14,7,-55,4.055,0.3,FALSE,FALSE,FALSE,0.0000
Mar 30 2026 13:47:11.000 UTC,1774896431.0,1362.3,33.49817,-99.33435,27,3,0,0,-96,1,2,14,7,-55,4.055,0.3,FALSE,FALSE,FALSE,0.0000
Mar 30 2026 13:47:11.100 UTC,1774896431.1,1362.3,33.49817,-99.33435,27,3,0,0,104,1,2,14,7,-55,4.055,0.3,FALSE,FALSE,FALSE,0.0000
Mar 30 2026 13:47:11.200 UTC,1774896431.2,1362.3,33.49817,-99.33435,27,3,0,0,-77,1,2,14,7,-55,4.055,0.3,FALSE,FALSE,FALSE,0.0000
Mar 30 2026 13:47:11.300 UTC,1774896431.3,1362.4,33.49817,-99.33435,27,3,0,0,-52,1,2,14,7,-55,4.055,0.4,FALSE,FALSE,FALSE,0.0000
Mar 30 2026 13:47:11.400 UTC,1774896431.4,1362.4,33.49817,-99.33435,27,3,0,0,164,1,2,15,6,-55,4.055,0.4,FALSE,FALSE,FALSE,0.0000
Mar 30 2026 13:47:11.700 UTC,1774896431.7,1362.4,33.49817,-99.33435,27,3,0,0,-150,1,2,14,7,-55,4.046,0.4,FALSE,FALSE,FALSE,0.0000
Mar 30 2026 13:47:11.800 UTC,1774896431.8,1362.4,33.49817,-99.33435,27,3,0,0,117,1,2,15,6,-55,4.046,0.4,FALSE,FALSE,FALSE,0.0000
Mar 30 2026 13:47:11.900 UTC,1774896431.9,1362.4,33.49817,-99.33435,27,3,0,0,-123,1,2,14,7,-55,4.046,0.4,FALSE,FALSE,FALSE,0.0000
Mar 30 2026 13:47:12.000 UTC,1774896432.0,1362.4,33.49817,-99.33435,27,3,0,0,69,1,2,14,7,-55,4.046,0.4,FALSE,FALSE,FALSE,0.0000
Mar 30 2026 13:47:12.100 UTC,1774896432.1,1362.4,33.49817,-99.33435,27,3,0,0,-110,1,2,14,7,-55,4.046,0.4,FALSE,FALSE,FALSE,0.0000
Mar 30 2026 13:47:12.200 UTC,1774896432.2,1362.4,33.49817,-99.33435,27,3,0,0,-1,1,2,14,7,-56,4.046,0.4,FALSE,FALSE,FALSE,0.0000
Mar 30 2026 13:47:12.300 UTC,1774896432.3,1362.4,33.49817,-99.33435,27,3,0,0,-117,1,2,14,7,-56,4.046,0.4,FALSE,FALSE,FALSE,0.0000
Mar 30 2026 13:47:12.400 UTC,1774896432.4,1362.4,33.49817,-99.33435,27,3,0,0,96,1,2,13,8,-56,4.046,0.4,FALSE,FALSE,FALSE,0.0000
Mar 30 2026 13:47:12.500 UTC,1774896432.5,1362.4,33.49817,-99.33435,27,3,0,0,38,1,2,14,7,-56,4.046,0.4,FALSE,FALSE,FALSE,0.0000
Mar 30 2026 13:47:12.600 UTC,1774896432.6,1362.4,33.49817,-99.33435,27,3,0,0,-151,1,2,14,7,-56,4.046,0.4,FALSE,FALSE,FALSE,0.0000
Mar 30 2026 13:47:12.700 UTC,1774896432.7,1362.4,33.49817,-99.33435,27,3,0,0,39,1,2,14,7,-56,4.046,0.4,FALSE,FALSE,FALSE,0.0000
Mar 30 2026 13:47:12.800 UTC,1774896432.8,1362.4,33.49817,-99.33435,27,3,0,0,46,1,2,14,7,-56,4.046,0.4,FALSE,FALSE,FALSE,0.0000
Mar 30 2026 13:47:12.900 UTC,1774896432.9,1362.4,33.49817,-99.33435,27,3,0,0,16,1,2,14,7,-56,4.046,0.4,FALSE,FALSE,FALSE,0.0000
Mar 30 2026 13:47:13.000 UTC,1774896433.0,1362.4,33.49817,-99.33435,27,3,0,0,-119,1,2,14,7,-56,4.046,0.4,FALSE,FALSE,FALSE,0.0000
Mar 30 2026 13:47:13.100 UTC,1774896433.1,1362.4,33.49817,-99.33435,27,3,0,0,66,1,2,14,7,-56,4.046,0.4,FALSE,FALSE,FALSE,0.0000
Mar 30 2026 13:47:13.200 UTC,1774896433.2,1362.4,33.49817,-99.33435,27,3,0,0,-163,1,2,14,7,-56,4.046,0.4,FALSE,FALSE,FALSE,0.0000
Mar 30 2026 13:47:13.300 UTC,1774896433.3,1362.4,33.49817,-99.33435,27,3,0,0,22,1,2,14,7,-56,4.046,0.4,FALSE,FALSE,FALSE,0.0000
Mar 30 2026 13:47:13.400 UTC,1774896433.4,1362.4,33.49817,-99.33435,27,3,0,0,-153,1,2,14,7,-56,4.046,0.4,FALSE,FALSE,FALSE,0.0000
Mar 30 2026 13:47:13.500 UTC,1774896433.5,1362.5,33.49817,-99.33435,25,3,0,2,-62,1,3,11,7,-56,4.052,0.5,FALSE,FALSE,FALSE,0.0000
Mar 30 2026 13:47:13.600 UTC,1774896433.6,1362.8,33.49817,-99.33435,26,3,9,7,-91,1,4,14,5,-56,4.052,0.8,TRUE,FALSE,FALSE,0.0000
Mar 30 2026 13:47:13.700 UTC,1774896433.7,1365.1,33.49817,-99.33435,26,3,11,41,-104,1,4,10,9,-56,4.052,3.1,TRUE,FALSE,FALSE,0.0000
Mar 30 2026 13:47:13.800 UTC,1774896433.8,1372.6,33.49817,-99.33435,26,3,7,93,69,1,3,9,11,-56,4.052,10.6,TRUE,FALSE,FALSE,0.0000
Mar 30 2026 13:47:13.900 UTC,1774896433.9,1385.0,33.49816,-99.33434,27,3,15,134,78,1,2,12,9,-56,4.052,23.0,TRUE,FALSE,FALSE,2.7184
Mar 30 2026 13:47:14.000 UTC,1774896434.0,1400.9,33.49817,-99.33434,27,3,20,163,91,1,2,12,8,-56,4.052,38.9,TRUE,FALSE,FALSE,2.3125
Mar 30 2026 13:47:14.100 UTC,1774896434.1,1420.1,33.49817,-99.33434,26,3,29,194,104,1,2,11,7,-56,4.052,58.1,TRUE,FALSE,FALSE,4.6355
Mar 30 2026 13:47:14.200 UTC,1774896434.2,1444.5,33.49816,-99.33432,22,3,45,233,103,1,2,9,6,-37,4.052,82.5,TRUE,FALSE,FALSE,9.3960
Mar 30 2026 13:47:14.300 UTC,1774896434.3,1473.1,33.49815,-99.33430,20,3,61,276,115,1,2,8,6,-37,4.052,111.1,TRUE,FALSE,FALSE,14.5522
Mar 30 2026 13:47:14.400 UTC,1774896434.4,1505.8,33.49814,-99.33428,20,3,89,319,120,1,2,8,5,-37,4.052,143.8,TRUE,FALSE,FALSE,22.5201
Mar 30 2026 13:47:14.500 UTC,1774896434.5,1541.3,33.49813,-99.33425,18,3,113,350,121,1,2,9,4,-37,4.052,179.3,TRUE,FALSE,FALSE,33.2638
Mar 30 2026 13:47:14.600 UTC,1774896434.6,1580.3,33.49811,-99.33422,17,3,128,383,125,1,2,9,4,-37,4.052,218.3,TRUE,FALSE,FALSE,44.0535
Mar 30 2026 13:47:14.700 UTC,1774896434.7,1623.1,33.49809,-99.33418,17,3,142,422,126,1,4,6,4,-37,4.052,261.1,TRUE,FALSE,FALSE,58.2198
Mar 30 2026 13:47:14.800 UTC,1774896434.8,1669.8,33.49806,-99.33414,16,3,154,463,126,1,3,5,5,-37,4.052,307.8,TRUE,FALSE,FALSE,75.1526
Mar 30 2026 13:47:14.900 UTC,1774896434.9,1720.5,33.49804,-99.33409,14,3,167,504,126,1,2,7,3,-37,4.052,358.5,TRUE,FALSE,FALSE,92.1156
Mar 30 2026 13:47:15.000 UTC,1774896435.0,1774.5,33.49801,-99.33405,15,3,186,539,126,1,4,7,2,-37,4.052,412.5,TRUE,FALSE,FALSE,109.0943
Mar 30 2026 13:47:15.100 UTC,1774896435.1,1831.7,33.49797,-99.33399,14,3,207,572,127,1,3,7,2,-37,4.052,469.7,TRUE,FALSE,FALSE,129.5353
Mar 30 2026 13:47:15.200 UTC,1774896435.2,1892.1,33.49794,-99.33393,14,3,227,608,128,1,3,7,2,-43,4.052,530.1,TRUE,FALSE,FALSE,152.7098
Mar 30 2026 13:47:15.300 UTC,1774896435.3,1956.0,33.49789,-99.33387,15,3,241,644,128,1,5,6,2,-43,4.052,594.0,TRUE,FALSE,FALSE,176.6754
Mar 30 2026 13:47:15.400 UTC,1774896435.4,2025.1,33.49786,-99.33381,15,3,250,681,128,1,5,6,2,-43,4.052,663.1,TRUE,FALSE,FALSE,199.8811
Mar 30 2026 13:47:15.500 UTC,1774896435.5,2096.6,33.49781,-99.33374,15,3,267,714,129,1,5,7,1,-43,4.048,734.6,TRUE,FALSE,FALSE,225.7960
Mar 30 2026 13:47:15.600 UTC,1774896435.6,2171.8,33.49776,-99.33367,15,3,281,748,129,1,1,11,1,-43,4.048,809.8,TRUE,FALSE,FALSE,253.3122
Mar 30 2026 13:47:15.700 UTC,1774896435.7,2250.1,33.49772,-99.33360,15,3,290,781,130,1,0,9,4,-43,4.048,888.1,TRUE,FALSE,FALSE,280.0445
Mar 30 2026 13:47:15.800 UTC,1774896435.8,2330.7,33.49767,-99.33353,15,3,300,808,130,1,1,7,5,-43,4.048,968.7,TRUE,FALSE,FALSE,308.4246
Mar 30 2026 13:47:15.900 UTC,1774896435.9,2412.9,33.49761,-99.33346,15,3,308,826,130,1,0,3,7,-43,4.048,1050.9,TRUE,FALSE,FALSE,338.7036
Mar 30 2026 13:47:16.000 UTC,1774896436.0,2498.1,33.49755,-99.33337,15,3,325,856,130,1,0,2,9,-43,4.048,1136.1,TRUE,FALSE,FALSE,371.6872
Mar 30 2026 13:47:16.100 UTC,1774896436.1,2586.2,33.49749,-99.33329,15,3,343,887,130,1,0,5,8,-43,4.048,1224.2,TRUE,FALSE,FALSE,405.5170
Mar 30 2026 13:47:16.200 UTC,1774896436.2,2676.9,33.49743,-99.33321,15,3,353,909,131,1,0,10,3,-51,4.048,1314.9,TRUE,FALSE,FALSE,440.2095
Mar 30 2026 13:47:16.300 UTC,1774896436.3,2770.6,33.49736,-99.33311,14,3,362,936,131,1,1,11,1,-51,4.048,1408.6,TRUE,FALSE,FALSE,476.7571
Mar 30 2026 13:47:16.400 UTC,1774896436.4,2866.5,33.49730,-99.33302,14,3,368,959,132,1,5,6,2,-51,4.048,1504.5,TRUE,FALSE,FALSE,513.3099
Mar 30 2026 13:47:16.500 UTC,1774896436.5,2964.0,33.49723,-99.33293,13,3,384,979,132,1,4,7,1,-51,4.048,1602.0,TRUE,FALSE,FALSE,551.5941
Mar 30 2026 13:47:16.600 UTC,1774896436.6,3063.4,33.49715,-99.33284,13,3,398,998,132,1,1,10,1,-51,4.048,1701.4,TRUE,FALSE,FALSE,589.8997
Mar 30 2026 13:47:16.700 UTC,1774896436.7,3163.0,33.49708,-99.33274,13,3,399,999,132,1,1,11,0,-51,4.048,1801.0,TRUE,FALSE,FALSE,630.9050
Mar 30 2026 13:47:16.800 UTC,1774896436.8,3263.4,33.49701,-99.33264,16,3,401,1004,131,1,0,11,4,-51,4.048,1901.4,TRUE,FALSE,FALSE,671.0412
Mar 30 2026 13:47:16.900 UTC,1774896436.9,3365.3,33.49693,-99.33254,16,3,400,1019,131,1,0,6,9,-51,4.048,2003.3,TRUE,FALSE,FALSE,711.1806
Mar 30 2026 13:47:17.000 UTC,1774896437.0,3465.9,33.49686,-99.33244,16,3,400,1009,131,1,1,6,8,-51,4.048,2103.9,TRUE,FALSE,FALSE,752.2072
Mar 30 2026 13:47:17.100 UTC,1774896437.1,3564.1,33.49678,-99.33234,15,3,395,985,131,1,2,6,6,-51,4.048,2202.1,TRUE,FALSE,FALSE,792.3534
Mar 30 2026 13:47:17.200 UTC,1774896437.2,3661.0,33.49671,-99.33224,16,3,395,973,132,1,1,9,5,-49,4.048,2299.0,TRUE,FALSE,FALSE,832.5014
Mar 30 2026 13:47:17.300 UTC,1774896437.3,3755.6,33.49664,-99.33215,14,3,392,953,132,1,3,8,2,-49,4.048,2393.6,TRUE,FALSE,FALSE,871.7563
Mar 30 2026 13:47:17.400 UTC,1774896437.4,3849.7,33.49656,-99.33205,15,3,383,941,132,1,1,11,2,-49,4.048,2487.7,TRUE,FALSE,FALSE,911.9101
Mar 30 2026 13:47:17.500 UTC,1774896437.5,3942.4,33.49649,-99.33196,17,3,383,931,131,1,0,6,8,-49,4.051,2580.4,TRUE,FALSE,FALSE,949.3892
Mar 30 2026 13:47:17.600 UTC,1774896437.6,4034.3,33.49643,-99.33187,15,3,380,920,131,1,0,3,10,-49,4.051,2672.3,TRUE,FALSE,FALSE,986.8701
Mar 30 2026 13:47:17.700 UTC,1774896437.7,4125.3,33.49635,-99.33178,16,3,374,913,131,1,0,4,9,-49,4.051,2763.3,TRUE,FALSE,FALSE,1025.2512
Mar 30 2026 13:47:17.800 UTC,1774896437.8,4214.5,33.49628,-99.33169,17,3,371,896,131,1,0,5,10,-49,4.051,2852.5,TRUE,FALSE,FALSE,1062.7362
Mar 30 2026 13:47:17.900 UTC,1774896437.9,4303.3,33.49622,-99.33160,17,3,370,888,131,1,1,10,4,-49,4.051,2941.3,TRUE,FALSE,FALSE,1100.2224
Mar 30 2026 13:47:18.000 UTC,1774896438.0,4391.0,33.49615,-99.33150,18,3,369,878,131,1,1,11,4,-49,4.051,3029.0,TRUE,FALSE,FALSE,1136.8077
Mar 30 2026 13:47:18.100 UTC,1774896438.1,4477.8,33.49608,-99.33141,19,3,364,869,131,1,0,12,5,-49,4.051,3115.8,TRUE,FALSE,FALSE,1174.2950
Mar 30 2026 13:47:18.200 UTC,1774896438.2,4563.8,33.49602,-99.33132,16,3,360,858,131,1,0,8,6,-48,4.051,3201.8,TRUE,FALSE,FALSE,1210.8802
Mar 30 2026 13:47:18.300 UTC,1774896438.3,4649.0,33.49595,-99.33123,17,3,357,850,131,1,0,4,10,-48,4.051,3287.0,TRUE,FALSE,FALSE,1247.4655
Mar 30 2026 13:47:18.400 UTC,1774896438.4,4733.0,33.49589,-99.33115,18,3,357,839,131,1,0,5,9,-48,4.051,3371.0,TRUE,FALSE,FALSE,1282.2814
Mar 30 2026 13:47:18.500 UTC,1774896438.5,4816.0,33.49582,-99.33105,17,3,355,829,131,1,0,4,8,-48,4.051,3454.0,TRUE,FALSE,FALSE,1318.8666
Mar 30 2026 13:47:18.600 UTC,1774896438.6,4898.7,33.49576,-99.33097,18,3,352,826,131,1,0,4,10,-48,4.051,3536.7,TRUE,FALSE,FALSE,1353.6841
Mar 30 2026 13:47:18.700 UTC,1774896438.7,4980.7,33.49569,-99.33088,19,3,349,819,130,1,0,6,9,-48,4.051,3618.7,TRUE,FALSE,FALSE,1390.2693
Mar 30 2026 13:47:18.800 UTC,1774896438.8,5061.8,33.49563,-99.33080,18,3,347,808,130,1,0,6,9,-48,4.051,3699.8,TRUE,FALSE,FALSE,1424.1828
Mar 30 2026 13:47:18.900 UTC,1774896438.9,5141.8,33.49557,-99.33070,19,3,345,797,130,1,0,12,4,-48,4.051,3779.8,TRUE,FALSE,FALSE,1460.7681
Mar 30 2026 13:47:19.000 UTC,1774896439.0,5221.2,33.49551,-99.33062,19,3,344,791,130,1,0,14,3,-48,4.051,3859.2,TRUE,FALSE,FALSE,1494.6816
Mar 30 2026 13:47:19.100 UTC,1774896439.1,5299.8,33.49545,-99.33054,19,3,342,783,130,1,0,15,2,-48,4.051,3937.8,TRUE,FALSE,FALSE,1528.5952
Mar 30 2026 13:47:19.200 UTC,1774896439.2,5377.4,33.49538,-99.33044,19,3,338,773,130,1,0,16,1,-51,4.051,4015.4,TRUE,FALSE,FALSE,1564.2755
Mar 30 2026 13:47:19.300 UTC,1774896439.3,5454.2,33.49532,-99.33036,19,3,336,765,130,1,0,13,4,-51,4.051,4092.2,TRUE,FALSE,FALSE,1598.1890
Mar 30 2026 13:47:19.400 UTC,1774896439.4,5530.4,33.49526,-99.33028,19,3,335,760,130,1,0,9,7,-51,4.051,4168.4,TRUE,FALSE,FALSE,1632.1026
Mar 30 2026 13:47:19.500 UTC,1774896439.5,5605.7,33.49520,-99.33019,22,3,334,751,130,1,0,9,7,-51,4.052,4243.7,TRUE,FALSE,FALSE,1666.0163
Mar 30 2026 13:47:19.600 UTC,1774896439.6,5680.4,33.49514,-99.33011,22,3,333,743,130,1,0,10,6,-51,4.052,4318.4,TRUE,FALSE,FALSE,1699.9301
Mar 30 2026 13:47:19.700 UTC,1774896439.7,5754.4,33.49508,-99.33003,23,3,331,738,130,1,0,10,5,-51,4.052,4392.4,TRUE,FALSE,FALSE,1731.1726
Mar 30 2026 13:47:19.800 UTC,1774896439.8,5828.0,33.49502,-99.32995,22,3,329,733,130,1,1,9,4,-51,4.052,4466.0,TRUE,FALSE,FALSE,1765.0866
Mar 30 2026 13:47:19.900 UTC,1774896439.9,5900.4,33.49496,-99.32986,22,3,328,721,130,1,1,6,10,-51,4.052,4538.4,TRUE,FALSE,FALSE,1798.0946
Mar 30 2026 13:47:20.000 UTC,1774896440.0,5972.2,33.49491,-99.32978,22,3,325,715,130,1,1,8,10,-51,4.052,4610.2,TRUE,FALSE,FALSE,1831.1029
Mar 30 2026 13:47:20.100 UTC,1774896440.1,6043.2,33.49485,-99.32970,21,3,323,708,130,1,0,12,5,-51,4.052,4681.2,TRUE,FALSE,FALSE,1865.0167
Mar 30 2026 13:47:20.200 UTC,1774896440.2,6113.9,33.49479,-99.32962,24,3,322,701,130,1,0,14,7,-70,4.052,4751.9,TRUE,FALSE,FALSE,1896.2592
Mar 30 2026 13:47:20.300 UTC,1774896440.3,6183.9,33.49473,-99.32954,25,3,320,695,130,1,0,16,6,-70,4.052,4821.9,TRUE,FALSE,FALSE,1929.2675
Mar 30 2026 13:47:20.400 UTC,1774896440.4,6253.2,33.49468,-99.32946,23,3,318,688,130,1,1,15,5,-70,4.052,4891.2,TRUE,FALSE,FALSE,1959.6044
Mar 30 2026 13:47:20.500 UTC,1774896440.5,6321.9,33.49462,-99.32938,24,3,317,680,130,1,1,16,4,-70,4.052,4959.9,TRUE,FALSE,FALSE,1992.6131
Mar 30 2026 13:47:20.600 UTC,1774896440.6,6389.8,33.49456,-99.32930,24,3,315,673,130,1,1,16,5,-70,4.052,5027.8,TRUE,FALSE,FALSE,2023.8552
Mar 30 2026 13:47:20.700 UTC,1774896440.7,6457.1,33.49451,-99.32922,25,3,312,667,130,1,0,12,10,-70,4.052,5095.1,TRUE,FALSE,FALSE,2056.8639
Mar 30 2026 13:47:20.800 UTC,1774896440.8,6523.7,33.49445,-99.32914,25,3,311,661,130,1,0,10,10,-70,4.052,5161.7,TRUE,FALSE,FALSE,2087.2010
Mar 30 2026 13:47:20.900 UTC,1774896440.9,6589.9,33.49437,-99.32906,24,3,311,654,130,1,0,8,12,-70,4.052,5227.9,TRUE,FALSE,FALSE,2123.8844
Mar 30 2026 13:47:21.000 UTC,1774896441.0,6655.3,33.49434,-99.32898,24,3,309,647,130,1,0,9,11,-70,4.052,5293.3,TRUE,FALSE,FALSE,2150.5472
Mar 30 2026 13:47:21.100 UTC,1774896441.1,6719.8,33.49429,-99.32890,24,3,308,641,130,1,0,9,10,-70,4.052,5357.8,TRUE,FALSE,FALSE,2180.8845
Mar 30 2026 13:47:21.200 UTC,1774896441.2,6783.8,33.49424,-99.32883,23,3,307,635,130,1,1,7,9,-57,4.052,5421.8,TRUE,FALSE,FALSE,2211.2217
Mar 30 2026 13:47:21.300 UTC,1774896441.3,6847.5,33.49418,-99.32875,23,3,306,630,129,1,1,6,10,-57,4.052,5485.5,TRUE,FALSE,FALSE,2241.5591
Mar 30 2026 13:47:21.400 UTC,1774896441.4,6910.5,33.49413,-99.32867,24,3,305,622,129,1,1,9,11,-57,4.052,5548.5,TRUE,FALSE,FALSE,2271.8964
Mar 30 2026 13:47:21.500 UTC,1774896441.5,6972.9,33.49408,-99.32860,26,3,302,616,129,1,0,11,11,-57,4.048,5610.9,TRUE,FALSE,FALSE,2302.2339
Mar 30 2026 13:47:21.600 UTC,1774896441.6,7034.6,33.49402,-99.32852,25,3,301,611,129,1,1,13,9,-57,4.048,5672.6,TRUE,FALSE,FALSE,2332.5713
Mar 30 2026 13:47:21.700 UTC,1774896441.7,7095.8,33.49397,-99.32845,26,3,299,605,129,1,1,14,9,-57,4.048,5733.8,TRUE,FALSE,FALSE,2362.9088
Mar 30 2026 13:47:21.800 UTC,1774896441.8,7156.5,33.49392,-99.32837,26,3,299,600,129,1,1,14,10,-57,4.048,5794.5,TRUE,FALSE,FALSE,2393.2463
Mar 30 2026 13:47:21.900 UTC,1774896441.9,7216.8,33.49386,-99.32829,27,3,297,595,129,1,0,16,9,-57,4.048,5854.8,TRUE,FALSE,FALSE,2423.5839
Mar 30 2026 13:47:22.000 UTC,1774896442.0,7276.5,33.49381,-99.32822,28,3,296,589,129,1,0,19,6,-57,4.048,5914.5,TRUE,FALSE,FALSE,2453.0183
Mar 30 2026 13:47:22.100 UTC,1774896442.1,7335.2,33.49376,-99.32814,23,3,294,582,129,1,1,14,5,-57,4.048,5973.2,TRUE,FALSE,FALSE,2483.3560
Mar 30 2026 13:47:22.200 UTC,1774896442.2,7393.6,33.49371,-99.32807,26,3,292,575,129,1,1,14,9,-55,4.048,6031.6,TRUE,FALSE,FALSE,2511.0211
Mar 30 2026 13:47:22.300 UTC,1774896442.3,7451.2,33.49366,-99.32800,28,3,291,570,129,1,0,13,12,-55,4.048,6089.2,TRUE,FALSE,FALSE,2541.3588
Mar 30 2026 13:47:22.400 UTC,1774896442.4,7508.1,33.49361,-99.32792,27,3,291,565,129,1,0,11,12,-55,4.048,6146.1,TRUE,FALSE,FALSE,2570.7940
Mar 30 2026 13:47:22.500 UTC,1774896442.5,7564.5,33.49355,-99.32785,26,3,289,560,129,1,0,12,11,-55,4.048,6202.5,TRUE,FALSE,FALSE,2599.3616
Mar 30 2026 13:47:22.600 UTC,1774896442.6,7620.2,33.49350,-99.32777,28,3,288,554,129,1,0,8,15,-55,4.048,6258.2,TRUE,FALSE,FALSE,2628.7969
Mar 30 2026 13:47:22.700 UTC,1774896442.7,7675.3,33.49345,-99.32771,28,3,287,547,129,1,0,10,12,-55,4.048,6313.3,TRUE,FALSE,FALSE,2656.4619
Mar 30 2026 13:47:22.800 UTC,1774896442.8,7729.8,33.49340,-99.32763,28,3,287,542,129,1,0,12,10,-55,4.048,6367.8,TRUE,FALSE,FALSE,2685.8975
Mar 30 2026 13:47:22.900 UTC,1774896442.9,7783.8,33.49335,-99.32755,26,3,285,538,129,1,1,11,8,-55,4.048,6421.8,TRUE,FALSE,FALSE,2715.3339
Mar 30 2026 13:47:23.000 UTC,1774896443.0,7837.4,33.49330,-99.32748,27,3,284,532,129,1,2,8,12,-55,4.048,6475.4,TRUE,FALSE,FALSE,2743.9004
Mar 30 2026 13:47:23.100 UTC,1774896443.1,7890.6,33.49325,-99.32741,27,3,284,527,129,1,1,11,11,-55,4.048,6528.6,TRUE,FALSE,FALSE,2773.3367
Mar 30 2026 13:47:23.200 UTC,1774896443.2,7943.5,33.49320,-99.32734,27,3,282,522,129,1,0,13,10,-61,4.048,6581.5,TRUE,FALSE,FALSE,2801.0016
Mar 30 2026 13:47:23.300 UTC,1774896443.3,7995.7,33.49315,-99.32726,26,3,281,517,129,1,1,12,11,-61,4.048,6633.7,TRUE,FALSE,FALSE,2830.4383
Mar 30 2026 13:47:23.400 UTC,1774896443.4,8047.4,33.49311,-99.32719,26,3,281,513,129,1,1,15,7,-61,4.048,6685.4,TRUE,FALSE,FALSE,2857.2020
Mar 30 2026 13:47:23.500 UTC,1774896443.5,8098.8,33.49306,-99.32713,27,3,279,507,129,1,1,16,8,-61,4.053,6736.8,TRUE,FALSE,FALSE,2884.8667
Mar 30 2026 13:47:23.700 UTC,1774896443.7,8200.0,33.49296,-99.32698,27,3,278,498,129,1,0,16,9,-61,4.053,6838.0,TRUE,FALSE,FALSE,2941.9688
Mar 30 2026 13:47:23.800 UTC,1774896443.8,8250.0,33.49291,-99.32691,27,3,276,493,129,1,0,18,7,-61,4.053,6888.0,TRUE,FALSE,FALSE,2968.7329
Mar 30 2026 13:47:23.900 UTC,1774896443.9,8299.2,33.49286,-99.32684,28,3,275,488,129,1,0,16,9,-61,4.053,6937.2,TRUE,FALSE,FALSE,2996.3975
Mar 30 2026 13:47:24.000 UTC,1774896444.0,8348.0,33.49281,-99.32677,28,3,274,483,129,1,0,14,11,-61,4.053,6986.0,TRUE,FALSE,FALSE,3025.8355
Mar 30 2026 13:47:24.100 UTC,1774896444.1,8396.2,33.49277,-99.32670,27,3,273,478,129,1,0,12,12,-61,4.053,7034.2,TRUE,FALSE,FALSE,3052.6001
Mar 30 2026 13:47:24.200 UTC,1774896444.2,8443.9,33.49272,-99.32663,28,3,272,473,129,1,0,10,13,-57,4.053,7081.9,TRUE,FALSE,FALSE,3080.2646
Mar 30 2026 13:47:24.300 UTC,1774896444.3,8491.2,33.49267,-99.32656,28,3,271,468,129,1,0,11,11,-57,4.053,7129.2,TRUE,FALSE,FALSE,3107.0292
Mar 30 2026 13:47:24.400 UTC,1774896444.4,8538.0,33.49263,-99.32649,28,3,271,463,129,1,0,7,14,-57,4.053,7176.0,TRUE,FALSE,FALSE,3133.7941
Mar 30 2026 13:47:24.500 UTC,1774896444.5,8584.2,33.49258,-99.32642,28,3,270,459,129,1,0,6,16,-57,4.053,7222.2,TRUE,FALSE,FALSE,3161.4584
Mar 30 2026 13:47:24.600 UTC,1774896444.6,8630.0,33.49253,-99.32635,28,3,269,454,129,1,0,8,11,-57,4.053,7268.0,TRUE,FALSE,FALSE,3188.2234
Mar 30 2026 13:47:24.700 UTC,1774896444.7,8675.2,33.49248,-99.32629,28,3,268,449,129,1,0,8,12,-57,4.053,7313.2,TRUE,FALSE,FALSE,3215.8878
Mar 30 2026 13:47:24.800 UTC,1774896444.8,8719.9,33.49244,-99.32622,28,3,267,444,129,1,1,9,10,-57,4.053,7357.9,TRUE,FALSE,FALSE,3242.6528
Mar 30 2026 13:47:24.900 UTC,1774896444.9,8764.2,33.49238,-99.32615,27,3,266,439,129,1,1,8,11,-57,4.053,7402.2,TRUE,FALSE,FALSE,3272.1164
Mar 30 2026 13:47:25.000 UTC,1774896445.0,8808.0,33.49234,-99.32608,27,3,266,434,129,1,1,10,9,-57,4.053,7446.0,TRUE,FALSE,FALSE,3296.1835
Mar 30 2026 13:47:25.100 UTC,1774896445.1,8851.4,33.49229,-99.32601,28,3,265,430,129,1,0,10,11,-57,4.053,7489.4,TRUE,FALSE,FALSE,3323.8477
Mar 30 2026 13:47:25.200 UTC,1774896445.2,8894.4,33.49225,-99.32595,27,3,264,426,129,1,0,13,10,-59,4.053,7532.4,TRUE,FALSE,FALSE,3348.8377
Mar 30 2026 13:47:25.300 UTC,1774896445.3,8936.9,33.49220,-99.32588,28,3,263,421,129,1,0,16,8,-59,4.053,7574.9,TRUE,FALSE,FALSE,3375.6030
Mar 30 2026 13:47:25.400 UTC,1774896445.4,8979.2,33.49216,-99.32581,28,3,262,417,129,1,1,17,6,-59,4.053,7617.2,TRUE,FALSE,FALSE,3402.3685
Mar 30 2026 13:47:25.500 UTC,1774896445.5,9021.1,33.49211,-99.32574,28,3,261,413,129,1,1,17,7,-59,4.052,7659.1,TRUE,FALSE,FALSE,3429.1342
Mar 30 2026 13:47:25.600 UTC,1774896445.6,9062.4,33.49207,-99.32568,28,3,261,408,129,1,1,18,6,-59,4.052,7700.4,TRUE,FALSE,FALSE,3455.9000
Mar 30 2026 13:47:25.700 UTC,1774896445.7,9103.3,33.49202,-99.32561,28,3,260,404,129,1,1,17,6,-59,4.052,7741.3,TRUE,FALSE,FALSE,3480.8896
Mar 30 2026 13:47:25.800 UTC,1774896445.8,9143.8,33.49197,-99.32555,27,3,259,400,129,1,0,13,12,-59,4.052,7781.8,TRUE,FALSE,FALSE,3507.6554
Mar 30 2026 13:47:25.900 UTC,1774896445.9,9183.7,33.49193,-99.32548,27,3,258,396,129,1,0,15,10,-59,4.052,7821.7,TRUE,FALSE,FALSE,3533.5236
Mar 30 2026 13:47:26.000 UTC,1774896446.0,9223.1,33.49189,-99.32542,28,3,258,391,129,1,0,17,8,-59,4.052,7861.1,TRUE,FALSE,FALSE,3558.5127
Mar 30 2026 13:47:26.100 UTC,1774896446.1,9261.9,33.49184,-99.32535,26,3,257,387,129,1,0,16,7,-59,4.052,7899.9,TRUE,FALSE,FALSE,3585.2789
Mar 30 2026 13:47:26.200 UTC,1774896446.2,9300.2,33.49179,-99.32529,27,3,257,383,129,1,0,13,11,-59,4.052,7938.2,TRUE,FALSE,FALSE,3610.2681
Mar 30 2026 13:47:26.300 UTC,1774896446.3,9338.3,33.49175,-99.32522,27,3,256,379,129,1,0,13,11,-59,4.052,7976.3,TRUE,FALSE,FALSE,3636.1367
Mar 30 2026 13:47:26.400 UTC,1774896446.4,9375.8,33.49171,-99.32516,27,3,255,374,129,1,0,9,14,-59,4.052,8013.8,TRUE,FALSE,FALSE,3661.1257
Mar 30 2026 13:47:26.500 UTC,1774896446.5,9413.0,33.49166,-99.32509,28,3,254,370,129,1,0,9,12,-59,4.052,8051.0,TRUE,FALSE,FALSE,3687.8921
Mar 30 2026 13:47:26.600 UTC,1774896446.6,9449.7,33.49162,-99.32502,28,3,254,366,129,1,0,7,14,-59,4.052,8087.7,TRUE,FALSE,FALSE,3713.7615
Mar 30 2026 13:47:26.700 UTC,1774896446.7,9486.0,33.49157,-99.32496,27,3,253,361,129,1,0,6,15,-59,4.052,8124.0,TRUE,FALSE,FALSE,3738.7502
Mar 30 2026 13:47:26.800 UTC,1774896446.8,9521.9,33.49153,-99.32490,28,3,252,357,129,1,0,8,14,-59,4.052,8159.9,TRUE,FALSE,FALSE,3763.7391
Mar 30 2026 13:47:26.900 UTC,1774896446.9,9557.3,33.49148,-99.32483,28,3,252,352,129,1,0,9,13,-59,4.052,8195.3,TRUE,FALSE,FALSE,3790.5056
Mar 30 2026 13:47:27.000 UTC,1774896447.0,9592.3,33.49144,-99.32477,28,3,251,348,129,1,0,9,14,-59,4.052,8230.3,TRUE,FALSE,FALSE,3814.5973
Mar 30 2026 13:47:27.100 UTC,1774896447.1,9627.0,33.49140,-99.32470,28,3,250,345,129,1,1,6,17,-59,4.052,8265.0,TRUE,FALSE,FALSE,3840.4672
Mar 30 2026 13:47:27.200 UTC,1774896447.2,9661.4,33.49135,-99.32464,28,3,250,341,129,1,1,7,14,-56,4.052,8299.4,TRUE,FALSE,FALSE,3865.4557
Mar 30 2026 13:47:27.300 UTC,1774896447.3,9695.5,33.49131,-99.32458,28,3,249,337,129,1,1,9,12,-56,4.052,8333.5,TRUE,FALSE,FALSE,3889.5474
Mar 30 2026 13:47:27.400 UTC,1774896447.4,9729.2,33.49126,-99.32451,28,3,249,333,129,1,1,8,15,-56,4.052,8367.2,TRUE,FALSE,FALSE,3916.3143
Mar 30 2026 13:47:27.500 UTC,1774896447.5,9762.5,33.49122,-99.32445,28,3,248,328,129,1,1,13,9,-56,4.046,8400.5,TRUE,FALSE,FALSE,3940.4061
Mar 30 2026 13:47:27.600 UTC,1774896447.6,9795.4,33.49118,-99.32439,28,3,248,324,129,1,0,15,8,-56,4.046,8433.4,TRUE,FALSE,FALSE,3964.4979
Mar 30 2026 13:47:27.700 UTC,1774896447.7,9827.9,33.49113,-99.32432,27,3,247,321,129,1,0,15,8,-56,4.046,8465.9,TRUE,FALSE,FALSE,3991.2651
Mar 30 2026 13:47:27.800 UTC,1774896447.8,9859.9,33.49109,-99.32426,28,3,247,317,129,1,0,16,8,-56,4.046,8497.9,TRUE,FALSE,FALSE,4015.3570
Mar 30 2026 13:47:27.900 UTC,1774896447.9,9891.6,33.49105,-99.32420,28,3,246,313,129,1,0,17,7,-56,4.046,8529.6,TRUE,FALSE,FALSE,4040.3452
Mar 30 2026 13:47:28.000 UTC,1774896448.0,9922.8,33.49101,-99.32413,27,3,245,309,129,1,0,18,6,-56,4.046,8560.8,TRUE,FALSE,FALSE,4063.5408
Mar 30 2026 13:47:28.100 UTC,1774896448.1,9953.6,33.49096,-99.32407,26,3,244,305,129,1,0,18,6,-56,4.046,8591.6,TRUE,FALSE,FALSE,4088.5289
Mar 30 2026 13:47:28.200 UTC,1774896448.2,9984.0,33.49092,-99.32401,27,3,244,301,129,1,0,16,9,-56,4.046,8622.0,TRUE,FALSE,FALSE,4114.4001
Mar 30 2026 13:47:28.300 UTC,1774896448.3,10014.0,33.49088,-99.32394,27,3,243,297,129,1,0,15,9,-56,4.046,8652.0,TRUE,FALSE,FALSE,4138.4921
Mar 30 2026 13:47:28.400 UTC,1774896448.4,10043.6,33.49084,-99.32388,28,3,243,293,129,1,0,17,7,-56,4.046,8681.6,TRUE,FALSE,FALSE,4162.5841
Mar 30 2026 13:47:28.500 UTC,1774896448.5,10072.9,33.49080,-99.32382,28,3,243,290,129,1,0,15,8,-56,4.046,8710.9,TRUE,FALSE,FALSE,4186.6762
Mar 30 2026 13:47:28.600 UTC,1774896448.6,10101.9,33.49075,-99.32376,26,3,242,286,129,1,0,16,6,-56,4.046,8739.9,TRUE,FALSE,FALSE,4210.7682
Mar 30 2026 13:47:28.700 UTC,1774896448.7,10130.4,33.49071,-99.32370,26,3,242,282,129,1,0,14,9,-56,4.046,8768.4,TRUE,FALSE,FALSE,4234.8603
Mar 30 2026 13:47:28.800 UTC,1774896448.8,10158.5,33.49067,-99.32364,27,3,241,278,129,1,0,14,9,-56,4.046,8796.5,TRUE,FALSE,FALSE,4258.9524
Mar 30 2026 13:47:28.900 UTC,1774896448.9,10186.2,33.49061,-99.32358,28,3,241,275,129,1,0,14,8,-56,4.046,8824.2,TRUE,FALSE,FALSE,4286.6288
Mar 30 2026 13:47:29.000 UTC,1774896449.0,10213.6,33.49059,-99.32352,28,3,240,271,129,1,0,12,10,-56,4.046,8851.6,TRUE,FALSE,FALSE,4307.1366
Mar 30 2026 13:47:29.100 UTC,1774896449.1,10240.7,33.49054,-99.32346,28,3,240,267,129,1,0,9,13,-56,4.046,8878.7,TRUE,FALSE,FALSE,4331.2287
Mar 30 2026 13:47:29.200 UTC,1774896449.2,10267.3,33.49050,-99.32339,28,3,239,264,129,1,0,7,16,-62,4.046,8905.3,TRUE,FALSE,FALSE,4355.3209
Mar 30 2026 13:47:29.300 UTC,1774896449.3,10293.5,33.49046,-99.32333,28,3,239,260,129,1,0,6,16,-62,4.046,8931.5,TRUE,FALSE,FALSE,4379.4130
Mar 30 2026 13:47:29.400 UTC,1774896449.4,10319.3,33.49042,-99.32327,27,3,239,256,129,1,0,6,13,-62,4.046,8957.3,TRUE,FALSE,FALSE,4403.5052
Mar 30 2026 13:47:29.500 UTC,1774896449.5,10344.6,33.49038,-99.32321,27,3,238,252,129,1,0,6,13,-62,4.052,8982.6,TRUE,FALSE,FALSE,4427.5974
Mar 30 2026 13:47:29.600 UTC,1774896449.6,10369.6,33.49033,-99.32315,26,3,237,248,129,1,0,6,13,-62,4.052,9007.6,TRUE,FALSE,FALSE,4451.6896
Mar 30 2026 13:47:29.700 UTC,1774896449.7,10394.2,33.49029,-99.32309,27,3,237,245,129,1,0,9,11,-62,4.052,9032.2,TRUE,FALSE,FALSE,4475.7819
Mar 30 2026 13:47:29.800 UTC,1774896449.8,10418.4,33.49025,-99.32303,26,3,236,241,129,1,0,6,13,-62,4.052,9056.4,TRUE,FALSE,FALSE,4498.9791
Mar 30 2026 13:47:29.900 UTC,1774896449.9,10442.4,33.49021,-99.32298,28,3,235,237,129,1,0,8,13,-62,4.052,9080.4,TRUE,FALSE,FALSE,4521.2905
Mar 30 2026 13:47:30.000 UTC,1774896450.0,10465.9,33.49017,-99.32291,27,3,235,233,129,1,0,8,13,-62,4.052,9103.9,TRUE,FALSE,FALSE,4545.3827
Mar 30 2026 13:47:30.100 UTC,1774896450.1,10489.2,33.49013,-99.32285,28,3,235,230,129,1,2,7,12,-62,4.052,9127.2,TRUE,FALSE,FALSE,4569.4750
Mar 30 2026 13:47:30.200 UTC,1774896450.2,10512.0,33.49009,-99.32279,27,3,235,226,129,1,2,9,11,-59,4.052,9150.0,TRUE,FALSE,FALSE,4593.5673
Mar 30 2026 13:47:30.300 UTC,1774896450.3,10534.3,33.49005,-99.32273,27,3,234,222,129,1,2,10,10,-59,4.052,9172.3,TRUE,FALSE,FALSE,4616.7648
Mar 30 2026 13:47:30.400 UTC,1774896450.4,10556.4,33.49001,-99.32267,27,3,234,219,129,1,2,10,9,-59,4.052,9194.4,TRUE,FALSE,FALSE,4640.8571
Mar 30 2026 13:47:30.500 UTC,1774896450.5,10578.2,33.48996,-99.32262,28,3,233,215,129,1,1,14,7,-59,4.052,9216.2,TRUE,FALSE,FALSE,4663.1684
Mar 30 2026 13:47:30.600 UTC,1774896450.6,10599.6,33.48993,-99.32256,27,3,233,212,129,1,4,16,4,-59,4.052,9237.6,TRUE,FALSE,FALSE,4686.3658
Mar 30 2026 13:47:30.700 UTC,1774896450.7,10620.7,33.48988,-99.32249,26,3,233,209,129,1,1,19,4,-59,4.052,9258.7,TRUE,FALSE,FALSE,4710.4582
Mar 30 2026 13:47:30.800 UTC,1774896450.8,10641.5,33.48985,-99.32243,26,3,232,204,129,1,0,21,3,-59,4.052,9279.5,TRUE,FALSE,FALSE,4733.6561
Mar 30 2026 13:47:30.900 UTC,1774896450.9,10661.9,33.48980,-99.32238,27,3,231,201,129,1,0,8,15,-59,4.052,9299.9,TRUE,FALSE,FALSE,4755.9670
Mar 30 2026 13:47:31.000 UTC,1774896451.0,10681.9,33.48976,-99.32232,28,3,231,198,129,1,1,16,8,-59,4.052,9319.9,TRUE,FALSE,FALSE,4780.0594
Mar 30 2026 13:47:31.100 UTC,1774896451.1,10701.6,33.48972,-99.32226,27,3,231,194,129,1,1,17,5,-59,4.052,9339.6,TRUE,FALSE,FALSE,4803.2574
Mar 30 2026 13:47:31.200 UTC,1774896451.2,10720.9,33.48968,-99.32220,28,3,230,191,129,1,1,19,4,-59,4.052,9358.9,TRUE,FALSE,FALSE,4825.5682
Mar 30 2026 13:47:31.300 UTC,1774896451.3,10739.9,33.48964,-99.32214,28,3,230,187,129,1,1,18,4,-59,4.052,9377.9,TRUE,FALSE,FALSE,4848.7662
Mar 30 2026 13:47:31.400 UTC,1774896451.4,10758.5,33.48960,-99.32208,27,3,230,184,129,1,1,17,4,-59,4.052,9396.5,TRUE,FALSE,FALSE,4872.8586
Mar 30 2026 13:47:31.600 UTC,1774896451.6,10794.8,33.48952,-99.32197,28,3,229,177,129,1,1,12,11,-59,4.051,9432.8,TRUE,FALSE,FALSE,4918.3675
Mar 30 2026 13:47:31.700 UTC,1774896451.7,10812.4,33.48948,-99.32191,28,3,229,173,129,1,1,13,8,-59,4.051,9450.4,TRUE,FALSE,FALSE,4941.5658
Mar 30 2026 13:47:31.800 UTC,1774896451.8,10829.7,33.48944,-99.32185,28,3,228,170,129,1,1,13,7,-59,4.051,9467.7,TRUE,FALSE,FALSE,4963.8763
Mar 30 2026 13:47:31.900 UTC,1774896451.9,10846.7,33.48940,-99.32179,28,3,228,167,129,1,0,16,5,-59,4.051,9484.7,TRUE,FALSE,FALSE,4987.0747
Mar 30 2026 13:47:32.000 UTC,1774896452.0,10863.3,33.48936,-99.32173,28,3,228,163,129,1,0,15,8,-59,4.051,9501.3,TRUE,FALSE,FALSE,5011.1672
Mar 30 2026 13:47:32.100 UTC,1774896452.1,10879.6,33.48932,-99.32168,28,3,227,160,129,1,0,13,12,-59,4.051,9517.6,TRUE,FALSE,FALSE,5032.5835
Mar 30 2026 13:47:32.200 UTC,1774896452.2,10895.6,33.48928,-99.32162,28,3,227,156,129,1,0,10,15,-59,4.051,9533.6,TRUE,FALSE,FALSE,5055.7822
Mar 30 2026 13:47:32.300 UTC,1774896452.3,10911.1,33.48924,-99.32156,28,3,226,153,129,1,0,10,14,-59,4.051,9549.1,TRUE,FALSE,FALSE,5078.0924
Mar 30 2026 13:47:32.400 UTC,1774896452.4,10926.3,33.48920,-99.32150,28,3,226,149,129,1,0,10,14,-59,4.051,9564.3,TRUE,FALSE,FALSE,5101.2911
Mar 30 2026 13:47:32.500 UTC,1774896452.5,10941.1,33.48917,-99.32145,28,3,226,146,129,1,0,9,15,-59,4.051,9579.1,TRUE,FALSE,FALSE,5122.7073
Mar 30 2026 13:47:32.600 UTC,1774896452.6,10955.6,33.48912,-99.32139,28,3,225,142,129,1,0,9,13,-59,4.051,9593.6,TRUE,FALSE,FALSE,5146.8000
Mar 30 2026 13:47:32.700 UTC,1774896452.7,10969.8,33.48909,-99.32133,28,3,226,139,129,1,0,8,13,-59,4.051,9607.8,TRUE,FALSE,FALSE,5168.2163
Mar 30 2026 13:47:32.800 UTC,1774896452.8,10983.7,33.48905,-99.32127,28,3,225,136,129,1,0,8,13,-59,4.051,9621.7,TRUE,FALSE,FALSE,5191.4152
Mar 30 2026 13:47:32.900 UTC,1774896452.9,10997.2,33.48901,-99.32122,28,3,225,133,129,1,0,5,15,-59,4.051,9635.2,TRUE,FALSE,FALSE,5213.7253
Mar 30 2026 13:47:33.300 UTC,1774896453.3,11047.4,33.48885,-99.32099,27,3,223,119,129,1,0,2,18,-59,4.051,9685.4,TRUE,FALSE,FALSE,5303.8494
Mar 30 2026 13:47:33.400 UTC,1774896453.4,11059.2,33.48881,-99.32093,28,3,223,116,129,1,0,3,17,-59,4.051,9697.2,TRUE,FALSE,FALSE,5327.0485
Mar 30 2026 13:47:33.500 UTC,1774896453.5,11070.6,33.48877,-99.32088,28,3,223,112,129,1,0,5,14,-59,4.047,9708.6,TRUE,FALSE,FALSE,5348.4647
Mar 30 2026 13:47:33.600 UTC,1774896453.6,11081.7,33.48874,-99.32082,28,3,222,109,129,1,0,5,16,-59,4.047,9719.7,TRUE,FALSE,FALSE,5371.6641
Mar 30 2026 13:47:33.700 UTC,1774896453.7,11092.5,33.48870,-99.32076,28,3,222,105,129,1,0,8,15,-59,4.047,9730.5,TRUE,FALSE,FALSE,5393.0803
Mar 30 2026 13:47:33.800 UTC,1774896453.8,11103.0,33.48866,-99.32071,28,3,222,102,129,1,1,8,14,-59,4.047,9741.0,TRUE,FALSE,FALSE,5415.3900
Mar 30 2026 13:47:33.900 UTC,1774896453.9,11113.2,33.48862,-99.32065,28,3,221,99,129,1,1,10,12,-59,4.047,9751.2,TRUE,FALSE,FALSE,5438.5893
Mar 30 2026 13:47:34.000 UTC,1774896454.0,11123.0,33.48858,-99.32059,28,3,221,95,129,1,1,9,13,-59,4.047,9761.0,TRUE,FALSE,FALSE,5460.0056
Mar 30 2026 13:47:34.100 UTC,1774896454.1,11132.4,33.48854,-99.32053,27,3,221,92,129,1,1,9,12,-59,4.047,9770.4,TRUE,FALSE,FALSE,5483.2051
Mar 30 2026 13:47:34.200 UTC,1774896454.2,11141.5,33.48850,-99.32048,28,3,221,89,129,1,1,11,10,-53,4.047,9779.5,TRUE,FALSE,FALSE,5504.6213
Mar 30 2026 13:47:34.300 UTC,1774896454.3,11150.3,33.48846,-99.32043,28,3,221,85,129,1,1,14,8,-53,4.047,9788.3,TRUE,FALSE,FALSE,5526.0375
Mar 30 2026 13:47:34.400 UTC,1774896454.4,11158.9,33.48843,-99.32037,28,3,220,82,129,1,1,12,11,-53,4.047,9796.9,TRUE,FALSE,FALSE,5549.2372
Mar 30 2026 13:47:34.500 UTC,1774896454.5,11167.1,33.48839,-99.32031,28,3,220,79,129,1,1,14,9,-53,4.047,9805.1,TRUE,FALSE,FALSE,5570.6534
Mar 30 2026 13:47:34.600 UTC,1774896454.6,11174.9,33.48835,-99.32026,28,3,220,76,129,1,1,14,7,-53,4.047,9812.9,TRUE,FALSE,FALSE,5592.9629
Mar 30 2026 13:47:34.700 UTC,1774896454.7,11182.5,33.48831,-99.32020,28,3,219,72,129,1,1,13,8,-53,4.047,9820.5,TRUE,FALSE,FALSE,5616.1625
Mar 30 2026 13:47:34.800 UTC,1774896454.8,11189.8,33.48827,-99.32014,28,3,219,70,129,1,1,14,8,-53,4.047,9827.8,TRUE,FALSE,FALSE,5637.5787
Mar 30 2026 13:47:34.900 UTC,1774896454.9,11196.8,33.48823,-99.32009,28,3,219,66,129,1,0,14,10,-53,4.047,9834.8,TRUE,FALSE,FALSE,5658.9950
Mar 30 2026 13:47:35.000 UTC,1774896455.0,11203.3,33.48819,-99.32003,28,3,219,63,129,1,1,13,10,-53,4.047,9841.3,TRUE,FALSE,FALSE,5682.1948
Mar 30 2026 13:47:35.100 UTC,1774896455.1,11209.6,33.48816,-99.31998,28,3,219,60,129,1,1,13,10,-53,4.047,9847.6,TRUE,FALSE,FALSE,5703.6110
Mar 30 2026 13:47:35.200 UTC,1774896455.2,11215.5,33.48812,-99.31992,28,3,218,56,129,1,1,12,12,-53,4.047,9853.5,TRUE,FALSE,FALSE,5725.0272
Mar 30 2026 13:47:35.300 UTC,1774896455.3,11221.1,33.48808,-99.31986,28,3,218,53,129,1,1,14,9,-53,4.047,9859.1,TRUE,FALSE,FALSE,5748.2272
Mar 30 2026 13:47:35.400 UTC,1774896455.4,11226.4,33.48804,-99.31981,28,3,218,49,129,1,1,15,8,-53,4.047,9864.4,TRUE,FALSE,FALSE,5769.6434
Mar 30 2026 13:47:35.500 UTC,1774896455.5,11231.3,33.48800,-99.31976,28,3,218,46,129,1,0,16,8,-53,4.05,9869.3,TRUE,FALSE,FALSE,5791.0596
Mar 30 2026 13:47:35.600 UTC,1774896455.6,11235.9,33.48796,-99.31970,28,3,217,43,129,1,0,17,6,-53,4.05,9873.9,TRUE,FALSE,FALSE,5812.4758
Mar 30 2026 13:47:35.700 UTC,1774896455.7,11240.1,33.48793,-99.31964,28,3,217,40,129,1,0,16,7,-53,4.05,9878.1,TRUE,FALSE,FALSE,5835.6759
Mar 30 2026 13:47:35.800 UTC,1774896455.8,11244.1,33.48789,-99.31959,28,3,217,37,129,1,0,15,7,-53,4.05,9882.1,TRUE,FALSE,FALSE,5857.0921
Mar 30 2026 13:47:35.900 UTC,1774896455.9,11247.7,33.48785,-99.31953,28,3,217,34,129,1,0,15,7,-53,4.05,9885.7,TRUE,FALSE,FALSE,5878.5083
Mar 30 2026 13:47:36.000 UTC,1774896456.0,11251.0,33.48781,-99.31948,28,3,216,30,129,1,0,15,8,-53,4.05,9889.0,TRUE,FALSE,FALSE,5899.9245
Mar 30 2026 13:47:36.100 UTC,1774896456.1,11253.9,33.48778,-99.31942,27,3,216,27,129,1,0,14,8,-53,4.05,9891.9,TRUE,FALSE,FALSE,5922.2321
Mar 30 2026 13:47:36.200 UTC,1774896456.2,11256.5,33.48774,-99.31937,28,3,216,24,129,1,0,15,8,-58,4.05,9894.5,TRUE,FALSE,FALSE,5943.6482
Mar 30 2026 13:47:36.300 UTC,1774896456.3,11258.8,33.48770,-99.31931,28,3,216,21,129,1,0,14,9,-58,4.05,9896.8,TRUE,FALSE,FALSE,5965.0644
Mar 30 2026 13:47:36.400 UTC,1774896456.4,11260.7,33.48766,-99.31926,28,3,216,17,129,1,0,13,9,-58,4.05,9898.7,TRUE,FALSE,FALSE,5986.4806
Mar 30 2026 13:47:36.500 UTC,1774896456.5,11262.4,33.48763,-99.31921,28,3,215,14,129,1,0,13,8,-58,4.05,9900.4,TRUE,FALSE,FALSE,6007.8968
Mar 30 2026 13:47:36.600 UTC,1774896456.6,11263.7,33.48759,-99.31915,28,3,215,11,129,1,0,10,11,-58,4.05,9901.7,TRUE,FALSE,FALSE,6031.0972
Mar 30 2026 13:47:36.700 UTC,1774896456.7,11264.7,33.48755,-99.31909,28,3,215,8,129,1,0,6,14,-58,4.05,9902.7,TRUE,FALSE,FALSE,6052.5134
Mar 30 2026 13:47:36.800 UTC,1774896456.8,11265.4,33.48751,-99.31904,28,3,215,5,129,1,0,6,14,-58,4.05,9903.4,TRUE,TRUE,FALSE,6073.0371
Mar 30 2026 13:47:36.900 UTC,1774896456.9,11265.8,33.48748,-99.31898,28,3,215,2,129,1,0,5,13,-58,4.05,9903.8,TRUE,TRUE,FALSE,6094.4532
Mar 30 2026 13:47:37.000 UTC,1774896457.0,11265.8,33.48744,-99.31893,28,3,214,0,129,1,0,5,13,-58,4.05,9903.8,TRUE,TRUE,FALSE,6115.8694
Mar 30 2026 13:47:37.100 UTC,1774896457.1,11265.6,33.48740,-99.31888,28,3,214,-4,129,1,0,5,13,-58,4.05,9903.6,TRUE,TRUE,FALSE,6137.2856
Mar 30 2026 13:47:37.200 UTC,1774896457.2,11265.0,33.48736,-99.31882,28,3,214,-7,129,1,0,6,12,-63,4.05,9903.0,TRUE,TRUE,FALSE,6158.7019
Mar 30 2026 13:47:37.300 UTC,1774896457.3,11264.0,33.48733,-99.31876,28,3,214,-10,129,1,0,6,12,-63,4.05,9902.0,TRUE,TRUE,FALSE,6181.0101
Mar 30 2026 13:47:37.400 UTC,1774896457.4,11262.8,33.48729,-99.31871,28,3,213,-13,129,1,0,6,12,-63,4.05,9900.8,TRUE,TRUE,FALSE,6202.4263
Mar 30 2026 13:47:37.500 UTC,1774896457.5,11261.3,33.48725,-99.31866,28,3,213,-17,129,1,0,5,13,-63,4.048,9899.3,TRUE,TRUE,FALSE,6223.8424
Mar 30 2026 13:47:37.600 UTC,1774896457.6,11259.5,33.48721,-99.31860,28,3,213,-19,129,1,0,5,12,-63,4.048,9897.5,TRUE,TRUE,FALSE,6245.2586
Mar 30 2026 13:47:37.700 UTC,1774896457.7,11257.3,33.48718,-99.31855,28,3,213,-23,129,1,0,4,11,-63,4.048,9895.3,TRUE,TRUE,FALSE,6265.7824
Mar 30 2026 13:47:37.800 UTC,1774896457.8,11254.9,33.48714,-99.31850,28,3,212,-26,129,1,0,4,12,-63,4.048,9892.9,TRUE,TRUE,FALSE,6287.1986
Mar 30 2026 13:47:37.900 UTC,1774896457.9,11252.1,33.48708,-99.31844,28,3,212,-28,129,1,0,3,12,-63,4.048,9890.1,TRUE,TRUE,FALSE,6313.9722
Mar 30 2026 13:47:38.000 UTC,1774896458.0,11249.1,33.48707,-99.31839,27,3,212,-32,129,1,0,3,12,-63,4.048,9887.1,TRUE,TRUE,FALSE,6329.1387
Mar 30 2026 13:47:38.100 UTC,1774896458.1,11245.7,33.48703,-99.31834,28,3,211,-35,129,1,0,3,12,-63,4.048,9883.7,TRUE,TRUE,FALSE,6350.5549
Mar 30 2026 13:47:38.200 UTC,1774896458.2,11241.9,33.48699,-99.31828,28,3,212,-39,129,1,0,3,13,-63,4.048,9879.9,TRUE,TRUE,FALSE,6371.9710
Mar 30 2026 13:47:38.300 UTC,1774896458.3,11237.9,33.48695,-99.31823,27,3,212,-41,129,1,0,5,12,-63,4.048,9875.9,TRUE,TRUE,FALSE,6393.3873
Mar 30 2026 13:47:38.400 UTC,1774896458.4,11233.6,33.48692,-99.31817,28,3,211,-44,129,1,0,5,14,-63,4.048,9871.6,TRUE,TRUE,FALSE,6415.6962
Mar 30 2026 13:47:38.500 UTC,1774896458.5,11229.0,33.48688,-99.31812,28,3,211,-47,129,1,0,5,15,-63,4.048,9867.0,TRUE,TRUE,FALSE,6437.1123
Mar 30 2026 13:47:38.600 UTC,1774896458.6,11224.1,33.48684,-99.31806,28,3,211,-51,129,1,0,6,14,-63,4.048,9862.1,TRUE,TRUE,FALSE,6458.5284
Mar 30 2026 13:47:38.700 UTC,1774896458.7,11218.8,33.48681,-99.31801,27,3,210,-54,129,1,0,7,13,-63,4.048,9856.8,TRUE,TRUE,FALSE,6479.0526
Mar 30 2026 13:47:38.800 UTC,1774896458.8,11213.2,33.48677,-99.31796,27,3,210,-58,129,1,0,7,13,-63,4.048,9851.2,TRUE,TRUE,FALSE,6500.4687
Mar 30 2026 13:47:38.900 UTC,1774896458.9,11207.2,33.48674,-99.31790,27,3,210,-61,129,1,0,9,11,-63,4.048,9845.2,TRUE,TRUE,FALSE,6520.9929
Mar 30 2026 13:47:39.000 UTC,1774896459.0,11200.9,33.48670,-99.31785,27,3,210,-64,129,1,0,8,13,-63,4.048,9838.9,TRUE,TRUE,FALSE,6542.4090
Mar 30 2026 13:47:39.100 UTC,1774896459.1,11194.4,33.48666,-99.31779,27,3,210,-67,129,1,0,8,14,-63,4.048,9832.4,TRUE,TRUE,FALSE,6563.8252
Mar 30 2026 13:47:40.000 UTC,1774896460.0,11124.0,33.48634,-99.31733,26,3,194,-88,129,1,0,10,10,-61,4.049,9762.0,TRUE,TRUE,FALSE,6746.7568
Mar 30 2026 13:47:41.000 UTC,1774896461.0,11027.2,33.48604,-99.31685,28,3,173,-94,122,1,1,6,18,-57,4.049,9665.2,TRUE,TRUE,FALSE,6930.5901
Mar 30 2026 13:47:42.000 UTC,1774896462.0,10942.8,33.48582,-99.31647,27,3,119,-76,123,1,0,15,6,-59,4.05,9580.8,TRUE,TRUE,FALSE,7069.8365
Mar 30 2026 13:47:43.000 UTC,1774896463.0,10870.6,33.48565,-99.31624,25,3,74,-74,129,1,1,15,7,-64,4.05,9508.6,TRUE,TRUE,FALSE,7163.5203
Mar 30 2026 13:47:44.000 UTC,1774896464.0,10790.5,33.48554,-99.31609,26,3,59,-78,135,1,0,13,10,-67,4.052,9428.5,TRUE,TRUE,FALSE,7225.0882
Mar 30 2026 13:47:45.000 UTC,1774896465.0,10709.0,33.48545,-99.31596,28,3,42,-86,124,1,0,15,10,-66,4.052,9347.0,TRUE,TRUE,FALSE,7276.8432
Mar 30 2026 13:47:46.000 UTC,1774896466.0,10614.3,33.48539,-99.31586,28,3,37,-94,126,1,2,12,11,-63,4.049,9252.3,TRUE,TRUE,FALSE,7311.6503
Mar 30 2026 13:47:47.000 UTC,1774896467.0,10519.5,33.48534,-99.31577,28,3,33,-100,122,1,1,18,6,-69,4.049,9157.5,TRUE,TRUE,FALSE,7347.3595
Mar 30 2026 13:47:48.000 UTC,1774896468.0,10419.3,33.48530,-99.31568,28,3,32,-95,118,1,0,6,18,-65,4.046,9057.3,TRUE,TRUE,FALSE,7375.9382
Mar 30 2026 13:47:49.000 UTC,1774896469.0,10322.9,33.48526,-99.31559,27,3,29,-99,114,1,1,14,9,-65,4.046,8960.9,TRUE,TRUE,FALSE,7406.3139
Mar 30 2026 13:47:50.000 UTC,1774896470.0,10222.5,33.48523,-99.31550,28,3,36,-101,116,1,1,10,14,-65,4.049,8860.5,TRUE,TRUE,FALSE,7435.8107
Mar 30 2026 13:47:51.000 UTC,1774896471.0,10121.8,33.48518,-99.31538,28,3,37,-98,114,1,4,14,6,-62,4.049,8759.8,TRUE,TRUE,FALSE,7473.3569
Mar 30 2026 13:47:53.000 UTC,1774896473.0,9924.1,33.48512,-99.31519,28,3,28,-94,108,1,2,6,17,-59,4.046,8562.1,TRUE,TRUE,FALSE,7534.1958
Mar 30 2026 13:47:54.000 UTC,1774896474.0,9825.0,33.48511,-99.31510,28,3,32,-104,91,1,0,9,15,-58,4.042,8463.0,TRUE,TRUE,FALSE,7557.5711
Mar 30 2026 13:47:55.000 UTC,1774896475.0,9726.9,33.48511,-99.31499,28,3,35,-96,87,1,0,20,4,-66,4.042,8364.9,TRUE,TRUE,FALSE,7581.9607
Mar 30 2026 13:47:56.000 UTC,1774896476.0,9625.1,33.48510,-99.31488,27,3,36,-103,104,1,0,2,20,-66,4.045,8263.1,TRUE,TRUE,FALSE,7611.7155
Mar 30 2026 13:47:57.000 UTC,1774896477.0,9522.6,33.48506,-99.31477,28,3,33,-103,118,1,0,6,17,-58,4.045,8160.6,TRUE,TRUE,FALSE,7645.8030
Mar 30 2026 13:47:58.000 UTC,1774896478.0,9426.5,33.48502,-99.31467,26,3,36,-95,120,1,0,13,11,-52,4.051,8064.5,TRUE,TRUE,FALSE,7680.7733
Mar 30 2026 13:47:59.000 UTC,1774896479.0,9326.6,33.48498,-99.31458,27,3,34,-96,123,1,0,12,11,-52,4.051,7964.6,TRUE,TRUE,FALSE,7712.1223
Mar 30 2026 13:48:00.000 UTC,1774896480.0,9230.8,33.48493,-99.31447,27,3,32,-98,121,1,0,13,10,-52,4.048,7868.8,TRUE,TRUE,FALSE,7748.8459
Mar 30 2026 13:48:01.000 UTC,1774896481.0,9134.4,33.48489,-99.31440,28,3,28,-94,123,1,0,12,10,-59,4.048,7772.4,TRUE,TRUE,FALSE,7774.7531
Mar 30 2026 13:48:02.000 UTC,1774896482.0,9041.6,33.48484,-99.31432,28,3,26,-95,128,1,0,14,10,-57,4.046,7679.6,TRUE,TRUE,FALSE,7803.3459
Mar 30 2026 13:48:03.000 UTC,1774896483.0,8945.5,33.48479,-99.31427,28,3,19,-95,144,1,2,15,7,-57,4.046,7583.5,TRUE,TRUE,FALSE,7826.4898
Mar 30 2026 13:48:04.000 UTC,1774896484.0,8850.5,33.48475,-99.31422,28,3,24,-97,140,1,1,12,11,-60,4.051,7488.5,TRUE,TRUE,FALSE,7848.6896
Mar 30 2026 13:48:05.000 UTC,1774896485.0,8752.2,33.48470,-99.31419,27,3,16,-96,158,1,3,17,4,-62,4.051,7390.2,TRUE,TRUE,FALSE,7868.2083
Mar 30 2026 13:48:06.000 UTC,1774896486.0,8653.4,33.48466,-99.31416,28,3,11,-101,155,1,3,15,6,-61,4.046,7291.4,TRUE,TRUE,FALSE,7882.3621
Mar 30 2026 13:48:07.000 UTC,1774896487.0,8551.1,33.48464,-99.31416,28,3,6,-101,124,1,1,9,13,-61,4.046,7189.1,TRUE,TRUE,FALSE,7889.4075
Mar 30 2026 13:48:08.000 UTC,1774896488.0,8448.2,33.48464,-99.31414,28,3,0,-101,33,1,4,14,6,-61,4.052,7086.2,TRUE,TRUE,FALSE,7893.0316
Mar 30 2026 13:48:09.000 UTC,1774896489.0,8346.3,33.48464,-99.31413,27,3,6,-101,24,1,1,10,11,-58,4.052,6984.3,TRUE,TRUE,FALSE,7893.9722
Mar 30 2026 13:48:10.000 UTC,1774896490.0,8245.2,33.48466,-99.31413,27,3,0,-98,-21,1,1,11,12,-63,4.052,6883.2,TRUE,TRUE,FALSE,7892.2999
Mar 30 2026 13:48:11.000 UTC,1774896491.0,8145.5,33.48466,-99.31413,27,3,5,-100,23,1,1,14,9,-62,4.052,6783.5,TRUE,TRUE,FALSE,7891.4290
Mar 30 2026 13:48:12.000 UTC,1774896492.0,8044.4,33.48468,-99.31412,27,3,9,-101,-3,1,0,17,6,-57,4.052,6682.4,TRUE,TRUE,FALSE,7888.0221
Mar 30 2026 13:48:13.000 UTC,1774896493.0,7941.2,33.48470,-99.31412,26,3,9,-105,41,1,0,12,10,-55,4.052,6579.2,TRUE,TRUE,FALSE,7883.6753
Mar 30 2026 13:48:14.000 UTC,1774896494.0,7837.5,33.48473,-99.31406,27,3,26,-103,66,1,1,16,7,-60,4.055,6475.5,TRUE,TRUE,FALSE,7890.3280
Mar 30 2026 13:48:15.000 UTC,1774896495.0,7735.4,33.48475,-99.31399,27,3,23,-101,70,1,0,17,6,-60,4.055,6373.4,TRUE,TRUE,FALSE,7903.3545
Mar 30 2026 13:48:18.000 UTC,1774896498.0,7433.9,33.48479,-99.31372,20,3,28,-93,84,1,1,13,6,-58,4.042,6071.9,TRUE,TRUE,FALSE,7957.9258
Mar 30 2026 13:48:19.000 UTC,1774896499.0,7338.6,33.48482,-99.31364,24,3,21,-93,59,1,0,11,11,-58,4.046,5976.6,TRUE,TRUE,FALSE,7971.1715
Mar 30 2026 13:48:21.000 UTC,1774896501.0,7168.6,33.48487,-99.31352,20,3,21,-96,64,1,1,10,8,-66,0.0,5806.6,TRUE,TRUE,FALSE,7987.9031
Mar 30 2026 13:48:23.000 UTC,1774896503.0,6960.9,33.48486,-99.31341,18,3,18,-98,65,1,2,12,4,-63,0.0,5598.9,TRUE,TRUE,FALSE,8018.9906
Mar 30 2026 13:48:24.000 UTC,1774896504.0,6867.2,33.48489,-99.31333,25,3,21,-94,93,1,1,21,3,-53,0.0,5505.2,TRUE,TRUE,FALSE,8030.7530
Mar 30 2026 13:48:25.000 UTC,1774896505.0,6771.9,33.48489,-99.31328,25,3,19,-100,77,1,0,17,8,-66,0.0,5409.9,TRUE,TRUE,FALSE,8043.7265
Mar 30 2026 13:48:26.000 UTC,1774896506.0,6669.4,33.48492,-99.31320,25,3,34,-100,62,1,0,16,9,-54,4.047,5307.4,TRUE,TRUE,FALSE,8054.7456
Mar 30 2026 13:48:27.000 UTC,1774896507.0,6570.4,33.48496,-99.31309,25,3,32,-99,70,1,4,17,3,-51,4.047,5208.4,TRUE,TRUE,FALSE,8074.3194
Mar 30 2026 13:48:28.000 UTC,1774896508.0,6472.1,33.48500,-99.31300,24,3,32,-99,50,1,4,11,9,-51,4.045,5110.1,TRUE,TRUE,FALSE,8086.5443
Mar 30 2026 13:48:29.000 UTC,1774896509.0,6371.3,33.48507,-99.31290,25,3,41,-102,57,1,1,15,9,-50,4.045,5009.3,TRUE,TRUE,FALSE,8096.8345
Mar 30 2026 13:48:30.000 UTC,1774896510.0,6269.5,33.48510,-99.31280,25,3,29,-97,73,1,0,14,11,-50,4.049,4907.5,TRUE,TRUE,FALSE,8114.9044
Mar 30 2026 13:48:31.000 UTC,1774896511.0,6166.9,33.48513,-99.31270,25,3,34,-107,67,1,2,20,3,-50,4.049,4804.9,TRUE,TRUE,FALSE,8134.4650
Mar 30 2026 13:48:32.000 UTC,1774896512.0,6059.0,33.48516,-99.31257,25,3,46,-107,74,1,0,20,4,-58,4.051,4697.0,TRUE,TRUE,FALSE,8160.0302
Mar 30 2026 13:48:33.000 UTC,1774896513.0,5951.2,33.48520,-99.31241,25,3,56,-105,69,1,1,20,3,-64,4.051,4589.2,TRUE,TRUE,FALSE,8190.8841
Mar 30 2026 13:48:34.000 UTC,1774896514.0,5846.6,33.48527,-99.31224,25,3,59,-103,65,1,1,19,5,-60,4.051,4484.6,TRUE,TRUE,FALSE,8218.2486
Mar 30 2026 13:48:35.000 UTC,1774896515.0,5749.1,33.48535,-99.31207,25,3,61,-97,60,1,2,13,8,-67,4.051,4387.1,TRUE,TRUE,FALSE,8245.4538
Mar 30 2026 13:48:36.000 UTC,1774896516.0,5653.0,33.48544,-99.31188,25,3,64,-94,55,1,1,15,9,-54,4.052,4291.0,TRUE,TRUE,FALSE,8273.3736
Mar 30 2026 13:48:37.000 UTC,1774896517.0,5558.4,33.48554,-99.31171,25,3,67,-96,57,1,1,13,7,-54,4.052,4196.4,TRUE,TRUE,FALSE,8293.9609
Mar 30 2026 13:48:38.000 UTC,1774896518.0,5465.5,33.48563,-99.31151,24,3,72,-90,61,1,1,11,12,-61,4.049,4103.5,TRUE,TRUE,FALSE,8327.7645
Mar 30 2026 13:48:39.000 UTC,1774896519.0,5367.5,33.48573,-99.31130,25,3,76,-102,59,1,0,17,8,-62,4.049,4005.5,TRUE,TRUE,FALSE,8361.2788
Mar 30 2026 13:48:40.000 UTC,1774896520.0,5268.1,33.48584,-99.31109,25,3,67,-95,59,1,0,15,10,-62,4.048,3906.1,TRUE,TRUE,FALSE,8394.9903
Mar 30 2026 13:48:41.000 UTC,1774896521.0,5180.2,33.48594,-99.31090,25,3,64,-82,59,1,0,14,11,-58,4.048,3818.2,TRUE,TRUE,FALSE,8424.0754
Mar 30 2026 13:48:42.000 UTC,1774896522.0,5094.1,33.48603,-99.31074,25,3,62,-90,52,1,0,14,11,-66,4.051,3732.1,TRUE,TRUE,FALSE,8448.6335
Mar 30 2026 13:48:43.000 UTC,1774896523.0,5004.5,33.48613,-99.31055,24,3,64,-91,57,1,1,11,10,-54,4.051,3642.5,TRUE,TRUE,FALSE,8478.5759
Mar 30 2026 13:48:44.000 UTC,1774896524.0,4911.8,33.48622,-99.31039,25,3,59,-93,54,1,3,16,5,-54,4.052,3549.8,TRUE,TRUE,FALSE,8503.1374
Mar 30 2026 13:48:45.000 UTC,1774896525.0,4818.5,33.48632,-99.31023,24,3,60,-93,57,1,0,15,9,-60,4.052,3456.5,TRUE,TRUE,FALSE,8527.3313
Mar 30 2026 13:48:46.000 UTC,1774896526.0,4727.8,33.48641,-99.31007,25,3,54,-87,47,1,1,9,13,-65,4.049,3365.8,TRUE,TRUE,FALSE,8551.8769
Mar 30 2026 13:48:47.000 UTC,1774896527.0,4639.8,33.48651,-99.30993,25,3,63,-84,52,1,2,16,7,-65,4.049,3277.8,TRUE,TRUE,FALSE,8570.7203
Mar 30 2026 13:48:48.000 UTC,1774896528.0,4553.6,33.48663,-99.30978,25,3,53,-89,42,1,2,11,12,-65,4.051,3191.6,TRUE,TRUE,FALSE,8587.7846
Mar 30 2026 13:48:49.000 UTC,1774896529.0,4461.5,33.48674,-99.30966,25,3,55,-95,40,1,0,3,20,-66,4.051,3099.5,TRUE,TRUE,FALSE,8600.5137
Mar 30 2026 13:48:50.000 UTC,1774896530.0,4362.9,33.48685,-99.30956,24,3,48,-98,42,1,0,6,17,-57,4.048,3000.9,TRUE,TRUE,FALSE,8609.4968
Mar 30 2026 13:48:51.000 UTC,1774896531.0,4267.0,33.48696,-99.30945,25,3,49,-100,36,1,0,7,16,-57,4.048,2905.0,TRUE,TRUE,FALSE,8618.7827
Mar 30 2026 13:48:52.000 UTC,1774896532.0,4170.9,33.48706,-99.30935,26,3,46,-94,39,1,0,11,14,-57,4.051,2808.9,TRUE,TRUE,FALSE,8628.2839
Mar 30 2026 13:48:53.000 UTC,1774896533.0,4077.5,33.48717,-99.30926,26,3,51,-90,28,1,0,11,15,-61,4.051,2715.5,TRUE,TRUE,FALSE,8632.7336
Mar 30 2026 13:48:54.000 UTC,1774896534.0,3987.5,33.48729,-99.30917,25,3,52,-88,34,1,0,14,9,-50,4.051,2625.5,TRUE,TRUE,FALSE,8637.4871
Mar 30 2026 13:48:55.000 UTC,1774896535.0,3902.0,33.48743,-99.30907,26,3,59,-86,33,1,1,18,7,-50,4.051,2540.0,TRUE,TRUE,FALSE,8642.0825
Mar 30 2026 13:48:56.000 UTC,1774896536.0,3820.2,33.48756,-99.30897,25,3,58,-78,30,1,0,14,9,-50,4.048,2458.2,TRUE,TRUE,FALSE,8646.4319
Mar 30 2026 13:48:57.000 UTC,1774896537.0,3737.6,33.48771,-99.30886,25,3,59,-82,30,1,2,17,6,-52,4.048,2375.6,TRUE,TRUE,FALSE,8652.6448
Mar 30 2026 13:48:58.000 UTC,1774896538.0,3654.1,33.48785,-99.30877,26,3,62,-86,30,1,2,21,3,-52,4.05,2292.1,TRUE,TRUE,FALSE,8655.0981
Mar 30 2026 13:48:59.000 UTC,1774896539.0,3568.2,33.48799,-99.30866,26,3,61,-89,33,1,0,14,10,-52,4.05,2206.2,TRUE,TRUE,FALSE,8661.5471
Mar 30 2026 13:49:00.000 UTC,1774896540.0,3482.6,33.48814,-99.30856,26,3,62,-86,29,1,1,13,12,-58,4.047,2120.6,TRUE,TRUE,FALSE,8665.7417
Mar 30 2026 13:49:01.000 UTC,1774896541.0,3391.9,33.48829,-99.30844,24,3,69,-91,34,1,0,14,10,-65,4.047,2029.9,TRUE,TRUE,FALSE,8676.1405
Mar 30 2026 13:49:02.000 UTC,1774896542.0,3300.7,33.48844,-99.30832,25,3,68,-92,33,1,1,6,18,-65,4.045,1938.7,TRUE,TRUE,FALSE,8687.6130
Mar 30 2026 13:49:04.000 UTC,1774896544.0,3117.9,33.48875,-99.30804,25,3,73,-94,37,1,0,15,10,-55,4.046,1755.9,TRUE,TRUE,FALSE,8718.3452
Mar 30 2026 13:49:06.000 UTC,1774896546.0,2932.1,33.48908,-99.30775,25,3,75,-90,37,1,0,12,13,-52,4.047,1570.1,TRUE,TRUE,FALSE,8753.9739
Mar 30 2026 13:49:07.000 UTC,1774896547.0,2844.0,33.48923,-99.30762,26,3,69,-84,36,1,0,14,9,-53,4.047,1482.0,TRUE,TRUE,FALSE,8771.2864
Mar 30 2026 13:49:08.000 UTC,1774896548.0,2756.1,33.48939,-99.30749,24,3,66,-81,34,1,1,15,8,-56,4.044,1394.1,TRUE,TRUE,FALSE,8786.9712
Mar 30 2026 13:49:10.000 UTC,1774896550.0,2593.2,33.48968,-99.30728,19,3,63,-86,30,1,0,6,13,-62,4.048,1231.2,TRUE,TRUE,FALSE,8808.0930
Mar 30 2026 13:49:11.000 UTC,1774896551.0,2487.9,33.48983,-99.30717,24,3,60,-84,25,1,0,11,13,-62,4.048,1125.9,TRUE,TRUE,FALSE,8819.6347
Mar 30 2026 13:49:12.000 UTC,1774896552.0,2411.0,33.48999,-99.30710,24,3,59,-83,26,1,0,11,13,-62,4.049,1049.0,TRUE,TRUE,FALSE,8821.4536
Mar 30 2026 13:49:13.000 UTC,1774896553.0,2329.7,33.49013,-99.30703,23,3,55,-83,16,1,0,8,14,-62,4.049,967.7,TRUE,TRUE,FALSE,8823.8453
Mar 30 2026 13:49:14.000 UTC,1774896554.0,2242.2,33.49026,-99.30697,23,3,51,-87,16,1,1,17,5,-62,4.046,880.2,TRUE,TRUE,FALSE,8825.3021
Mar 30 2026 13:49:15.000 UTC,1774896555.0,2155.9,33.49039,-99.30693,23,3,49,-83,18,1,0,11,11,-52,4.046,793.9,TRUE,TRUE,FALSE,8820.9149
Mar 30 2026 13:49:16.000 UTC,1774896556.0,2111.4,33.49052,-99.30688,25,3,46,-17,15,1,2,13,7,-52,4.051,749.4,TRUE,TRUE,FALSE,8821.6449
Mar 30 2026 13:49:17.000 UTC,1774896557.0,2092.7,33.49064,-99.30682,23,3,47,-30,22,1,0,9,13,-52,4.051,730.7,TRUE,TRUE,FALSE,8823.0785
Mar 30 2026 13:49:18.000 UTC,1774896558.0,2069.0,33.49075,-99.30674,25,3,53,-23,28,1,1,12,12,-50,4.049,707.0,TRUE,TRUE,FALSE,8834.4690
Mar 30 2026 13:49:19.000 UTC,1774896559.0,2044.6,33.49089,-99.30664,24,3,64,-20,30,1,2,14,8,-50,4.049,682.6,TRUE,TRUE,FALSE,8848.4516
Mar 30 2026 13:49:20.000 UTC,1774896560.0,2023.5,33.49105,-99.30656,25,3,63,-22,20,1,0,14,11,-52,4.046,661.5,TRUE,TRUE,FALSE,8855.4727
Mar 30 2026 13:49:21.000 UTC,1774896561.0,2004.9,33.49120,-99.30647,26,3,59,-19,29,1,0,20,6,-51,4.046,642.9,TRUE,TRUE,FALSE,8863.7479
Mar 30 2026 13:49:22.000 UTC,1774896562.0,1984.0,33.49132,-99.30636,25,3,54,-24,44,1,1,12,11,-59,4.049,622.0,TRUE,TRUE,FALSE,8884.4918
Mar 30 2026 13:49:23.000 UTC,1774896563.0,1962.0,33.49141,-99.30624,26,3,41,-20,50,1,0,16,10,-59,4.049,600.0,TRUE,TRUE,FALSE,8909.0130
Mar 30 2026 13:49:24.000 UTC,1774896564.0,1940.7,33.49147,-99.30617,26,3,26,-22,28,1,0,12,13,-50,4.048,578.7,TRUE,TRUE,FALSE,8924.8262
Mar 30 2026 13:49:25.000 UTC,1774896565.0,1914.3,33.49155,-99.30616,26,3,33,-26,-8,1,0,17,8,-53,4.048,552.3,TRUE,TRUE,FALSE,8919.4701
Mar 30 2026 13:49:26.000 UTC,1774896566.0,1887.7,33.49166,-99.30618,26,3,42,-26,-9,1,0,14,12,-52,4.053,525.7,TRUE,TRUE,FALSE,8902.2601
Mar 30 2026 13:49:27.000 UTC,1774896567.0,1864.1,33.49177,-99.30621,26,3,41,-22,-9,1,0,14,12,-57,4.053,502.1,TRUE,TRUE,FALSE,8884.4604
Mar 30 2026 13:49:28.000 UTC,1774896568.0,1842.9,33.49188,-99.30623,26,3,39,-20,-13,1,0,14,11,-50,4.053,480.9,TRUE,TRUE,FALSE,8867.5489
Mar 30 2026 13:49:29.000 UTC,1774896569.0,1820.7,33.49199,-99.30626,25,3,44,-22,-7,1,0,14,11,-53,4.053,458.7,TRUE,TRUE,FALSE,8848.1802
Mar 30 2026 13:49:30.000 UTC,1774896570.0,1797.5,33.49212,-99.30626,26,3,48,-25,8,1,1,17,8,-50,4.05,435.5,TRUE,TRUE,FALSE,8836.2172
Mar 30 2026 13:49:31.000 UTC,1774896571.0,1773.1,33.49225,-99.30622,25,3,49,-24,22,1,1,17,6,-57,4.05,411.1,TRUE,TRUE,FALSE,8835.4166
Mar 30 2026 13:49:32.000 UTC,1774896572.0,1751.5,33.49236,-99.30615,26,3,38,-20,33,1,0,16,10,-49,4.052,389.5,TRUE,TRUE,FALSE,8845.9261
Mar 30 2026 13:49:33.000 UTC,1774896573.0,1730.6,33.49242,-99.30609,24,3,18,-23,38,1,1,9,12,-59,4.052,368.6,TRUE,TRUE,FALSE,8858.6698
Mar 30 2026 13:49:34.000 UTC,1774896574.0,1707.0,33.49245,-99.30608,25,3,10,-23,-24,1,0,15,10,-64,4.049,345.0,TRUE,TRUE,FALSE,8858.6235
Mar 30 2026 13:49:35.000 UTC,1774896575.0,1683.5,33.49249,-99.30611,26,3,24,-23,-34,1,0,14,11,-64,4.049,321.5,TRUE,TRUE,FALSE,8846.3135
Mar 30 2026 13:49:36.000 UTC,1774896576.0,1659.8,33.49256,-99.30616,26,3,31,-25,-25,1,1,11,12,-57,4.051,297.8,TRUE,TRUE,FALSE,8826.9046
Mar 30 2026 13:49:37.000 UTC,1774896577.0,1636.0,33.49265,-99.30620,24,3,32,-23,-18,1,1,16,7,-57,4.051,274.0,TRUE,TRUE,FALSE,8808.2102
Mar 30 2026 13:49:38.000 UTC,1774896578.0,1612.8,33.49273,-99.30623,26,3,32,-23,-14,1,0,11,15,-48,4.053,250.8,TRUE,TRUE,FALSE,8791.8719
Mar 30 2026 13:49:39.000 UTC,1774896579.0,1590.2,33.49282,-99.30625,26,3,32,-23,-14,1,1,16,8,-66,4.053,228.2,TRUE,TRUE,FALSE,8777.8956
Mar 30 2026 13:49:40.000 UTC,1774896580.0,1566.9,33.49292,-99.30627,25,3,35,-22,0,1,0,16,7,-66,4.048,204.9,TRUE,TRUE,FALSE,8765.6768
Mar 30 2026 13:49:41.000 UTC,1774896581.0,1541.9,33.49300,-99.30625,24,3,29,-22,25,1,2,13,9,-62,4.048,179.9,TRUE,TRUE,FALSE,8763.2588
Mar 30 2026 13:49:42.000 UTC,1774896582.0,1515.8,33.49306,-99.30621,26,3,19,-25,42,1,0,15,11,-56,4.051,153.8,TRUE,TRUE,FALSE,8770.1371
Mar 30 2026 13:49:43.000 UTC,1774896583.0,1488.8,33.49308,-99.30618,26,3,8,-26,38,1,1,13,12,-55,4.051,126.8,TRUE,TRUE,FALSE,8777.4474
Mar 30 2026 13:49:44.000 UTC,1774896584.0,1464.3,33.49310,-99.30618,26,3,6,-23,2,1,0,18,6,-55,4.049,102.3,TRUE,TRUE,FALSE,8775.9763
Mar 30 2026 13:49:45.000 UTC,1774896585.0,1439.6,33.49312,-99.30619,26,3,11,-23,-32,1,1,11,12,-63,4.049,77.6,TRUE,TRUE,FALSE,8772.2386
Mar 30 2026 13:49:46.000 UTC,1774896586.0,1414.1,33.49316,-99.30623,25,3,20,-26,-38,1,1,11,11,-63,4.052,52.1,TRUE,TRUE,FALSE,8757.9593
Mar 30 2026 13:49:47.000 UTC,1774896587.0,1388.3,33.49321,-99.30627,26,3,27,-24,-34,1,1,11,10,-63,4.052,26.3,TRUE,TRUE,FALSE,8740.2657
Mar 30 2026 13:49:48.000 UTC,1774896588.0,1363.8,33.49329,-99.30632,26,3,30,-22,-21,1,0,16,9,-63,4.051,1.8,TRUE,TRUE,FALSE,8721.1752
Mar 30 2026 13:49:49.000 UTC,1774896589.0,1343.2,33.49337,-99.30634,26,3,25,-18,9,1,1,11,13,-63,4.051,-18.8,TRUE,TRUE,FALSE,8710.6881
Mar 30 2026 13:49:50.000 UTC,1774896590.0,1333.5,33.49341,-99.30632,26,3,1,-2,-91,1,1,11,13,-63,4.051,-28.5,TRUE,TRUE,TRUE,8711.8915
Mar 30 2026 13:49:51.000 UTC,1774896591.0,1334.1,33.49341,-99.30632,26,3,0,0,168,1,2,12,7,-63,4.051,-27.9,TRUE,TRUE,TRUE,8711.8915
Mar 30 2026 13:49:52.000 UTC,1774896592.0,1334.4,33.49341,-99.30632,26,3,0,0,-63,1,2,13,5,-63,4.046,-27.6,TRUE,TRUE,TRUE,8711.8915
Mar 30 2026 13:49:53.000 UTC,1774896593.0,1334.0,33.49341,-99.30632,26,3,0,0,-84,1,2,12,6,-63,4.046,-28.0,TRUE,TRUE,TRUE,8711.8915
