time_s,unix_time_s,utc_time,gps_altitude_asl_m,gps_altitude_agl_m,latitude_deg,longitude_deg,satellite_count,fix_type,horizontal_speed_mps,vertical_speed_mps,course_heading_deg,battery_v,distance_ft,distance_m,flags,rssi_dbm,count_gt_40,count_gt_32,count_gt_24,smooth_altitude_m,dalt_dt_mps,dalt_dt_z,alignment_weight
2.1999998092651367,1774896432.6,Mar 30 2026 13:47:12.600 UTC,415.25952000000007,0.12192000000000001,33.49817,-99.33435,27,3,0.0,0.0,-151,4.046,0.0,0.0,1,-56,2,14,7,0.12192000000000001,0.0,-0.3612930953981804,0.0
2.299999952316284,1774896432.7,Mar 30 2026 13:47:12.700 UTC,415.25952000000007,0.12192000000000001,33.49817,-99.33435,27,3,0.0,0.0,39,4.046,0.0,0.0,1,-56,2,14,7,0.12192000000000001,-1.1102230246251565e-16,-0.3612930953981804,0.0
2.3999998569488525,1774896432.8,Mar 30 2026 13:47:12.800 UTC,415.25952000000007,0.12192000000000001,33.49817,-99.33435,27,3,0.0,0.0,46,4.046,0.0,0.0,1,-56,2,14,7,0.12192000000000001,1.1102230246251565e-16,-0.3612930953981804,0.0
2.5,1774896432.9,Mar 30 2026 13:47:12.900 UTC,415.25952000000007,0.12192000000000001,33.49817,-99.33435,27,3,0.0,0.0,16,4.046,0.0,0.0,1,-56,2,14,7,0.12192000000000001,-1.1102230246251565e-16,-0.3612930953981804,0.0
2.5999999046325684,1774896433.0,Mar 30 2026 13:47:13.000 UTC,415.25952000000007,0.12192000000000001,33.49817,-99.33435,27,3,0.0,0.0,-119,4.046,0.0,0.0,1,-56,2,14,7,0.12192000000000001,0.0,-0.3612930953981804,0.0
2.6999998092651367,1774896433.1,Mar 30 2026 13:47:13.100 UTC,415.25952000000007,0.12192000000000001,33.49817,-99.33435,27,3,0.0,0.0,66,4.046,0.0,0.0,1,-56,2,14,7,0.12192000000000001,1.1102230246251565e-16,-0.3612930953981804,0.0
2.799999952316284,1774896433.2,Mar 30 2026 13:47:13.200 UTC,415.25952000000007,0.12192000000000001,33.49817,-99.33435,27,3,0.0,0.0,-163,4.046,0.0,0.0,1,-56,2,14,7,0.12192000000000001,0.03048006540303827,-0.3609634476388621,0.6109634476388621
2.8999998569488525,1774896433.3,Mar 30 2026 13:47:13.300 UTC,415.25952000000007,0.12192000000000001,33.49817,-99.33435,27,3,0.0,0.0,22,4.046,0.0,0.0,1,-56,2,14,7,0.12801600000000002,0.15239974565560566,-0.35964486288910474,0.6096448628891047
3.0,1774896433.4,Mar 30 2026 13:47:13.400 UTC,415.25952000000007,0.12192000000000001,33.49817,-99.33435,27,3,0.0,0.0,-153,4.046,0.0,0.0,1,-56,2,14,7,0.15240000000000004,0.9448814461346022,-0.35107402114683095,0.601074021146831
3.0999999046325684,1774896433.5,Mar 30 2026 13:47:13.500 UTC,415.29,0.1524,33.49817,-99.33435,25,3,0.0,0.6096,-62,4.052,0.0,0.0,1,-56,3,11,7,0.31699200000000005,3.931923749774694,-0.31876858513928386,0.5687685851392839
3.1999998092651367,1774896433.6,Mar 30 2026 13:47:13.600 UTC,415.38144,0.24384000000000003,33.49817,-99.33435,26,3,2.7432000000000003,2.1336,-91,4.052,0.0,0.0,1,-56,4,14,5,0.9387840000000001,9.997428605379962,-0.2531689855864307,0.5031689855864308
3.299999952316284,1774896433.7,Mar 30 2026 13:47:13.700 UTC,416.08248,0.94488,33.49817,-99.33435,26,3,3.3528000000000002,12.4968,-104,4.052,0.0,0.0,1,-56,4,10,9,2.3164800000000003,18.592807049036768,-0.1602083174586914,0.4102083174586914
3.3999998569488525,1774896433.8,Mar 30 2026 13:47:13.800 UTC,418.36848,3.23088,33.49817,-99.33435,26,3,2.1336,28.346400000000003,69,4.052,0.0,0.0,1,-56,3,9,11,4.657344,29.169339310946988,-0.0458210904172405,0.2958210904172405
3.5,1774896433.9,Mar 30 2026 13:47:13.900 UTC,422.148,7.010400000000001,33.49816,-99.33434,27,3,4.572,40.8432,78,4.052,2.7184,0.82856832,1,-56,2,12,9,8.150352000000002,41.66616612619269,0.08933449090323148,0.3393344909032315
3.5999999046325684,1774896434.0,Mar 30 2026 13:47:14.000 UTC,426.9943200000001,11.856720000000001,33.49817,-99.33434,27,3,6.096,49.6824,91,4.052,2.3125,0.7048500000000001,1,-56,2,12,8,12.990576,54.83357229336957,0.23174251666193432,0.48174251666193435
3.6999998092651367,1774896434.1,Mar 30 2026 13:47:14.100 UTC,432.84648,17.70888,33.49817,-99.33434,26,3,8.8392,59.1312,104,4.052,4.6355,1.4129004000000003,1,-56,2,11,7,19.117056,67.45220916632884,0.3682154971433575,0.6182154971433576
3.799999952316284,1774896434.2,Mar 30 2026 13:47:14.200 UTC,440.28360000000004,25.146,33.49816,-99.33432,22,3,13.716000000000001,71.0184,103,4.052,9.396,2.8639008000000006,1,-37,2,9,6,26.481024000000005,79.61375526214117,0.4997449531113295,0.7497449531113295
3.8999998569488525,1774896434.3,Mar 30 2026 13:47:14.300 UTC,449.00088,33.86328,33.49815,-99.3343,20,3,18.5928,84.12480000000001,115,4.052,14.5522,4.43551056,1,-37,2,8,6,35.03980800000001,91.62284376701902,0.629625550962429,0.879625550962429
4.0,1774896434.4,Mar 30 2026 13:47:14.400 UTC,458.96784,43.83024,33.49814,-99.33428,20,3,27.127200000000002,97.2312,120,4.052,22.5201,6.86412648,1,-37,2,8,5,44.805600000000005,103.26622875097965,0.7555509950219906,1.0055509950219905
4.099999904632568,1774896434.5,Mar 30 2026 13:47:14.500 UTC,469.78824000000003,54.65064,33.49813,-99.33425,18,3,34.4424,106.68,121,4.052,33.2638,10.138806240000001,1,-37,2,9,4,55.69305600000001,114.39154909228242,0.8758734705059948,1.125873470505995
4.199999809265137,1774896434.6,Mar 30 2026 13:47:14.600 UTC,481.67544000000004,66.53784,33.49811,-99.33422,17,3,39.0144,116.73840000000001,125,4.052,44.0535,13.4275068,1,-37,2,9,4,67.68388800000001,125.39467702334184,0.9948744116130289,1.2448744116130288
4.299999952316284,1774896434.7,Mar 30 2026 13:47:14.700 UTC,494.72088,79.58328000000002,33.49809,-99.33418,17,3,43.281600000000005,128.62560000000002,126,4.052,58.2198,17.745395040000002,1,-37,4,6,4,80.772,136.51990089545086,1.1151958437641811,1.3651958437641811
4.3999998569488525,1774896434.8,Mar 30 2026 13:47:14.800 UTC,508.95504,93.81744,33.49806,-99.33414,16,3,46.9392,141.1224,126,4.052,75.1526,22.906512480000004,1,-37,3,5,5,94.98787200000001,147.70603155862398,1.2361759945544195,1.4861759945544195
4.5,1774896434.9,Mar 30 2026 13:47:14.900 UTC,524.4084,109.27080000000001,33.49804,-99.33409,14,3,50.9016,153.6192,126,4.052,92.1156,28.07683488,1,-37,2,7,3,110.31321600000001,158.61789497291164,1.3541898923903435,1.6041898923903435
4.599999904632568,1774896435.0,Mar 30 2026 13:47:15.000 UTC,540.8676,125.73,33.49801,-99.33405,15,3,56.692800000000005,164.2872,126,4.052,109.0943,33.25194264,1,-37,4,7,2,126.71145600000001,169.22512138565207,1.4689090825661104,1.7189090825661104
4.699999809265137,1774896435.1,Mar 30 2026 13:47:15.100 UTC,558.3021600000001,143.16456,33.49797,-99.33399,14,3,63.0936,174.34560000000002,127,4.052,129.5353,39.48235944,1,-37,3,7,2,144.15820800000003,180.07578369582563,1.586261078710806,1.836261078710806
4.799999952316284,1774896435.2,Mar 30 2026 13:47:15.200 UTC,576.71208,161.57448000000002,33.49794,-99.33393,14,3,69.1896,185.3184,128,4.052,152.7098,46.54594704,1,-43,3,7,2,162.72662400000002,191.01812717551616,1.7046046243060462,1.9546046243060462
4.8999998569488525,1774896435.3,Mar 30 2026 13:47:15.300 UTC,596.1888,181.05120000000002,33.49789,-99.33387,15,3,73.4568,196.2912,128,4.052,176.6754,53.85066192,1,-43,5,6,2,182.36184,201.83849879793183,1.8216290208470152,2.0716290208470154
5.0,1774896435.4,Mar 30 2026 13:47:15.400 UTC,617.25048,202.11288000000002,33.49786,-99.33381,15,3,76.2,207.5688,128,4.052,199.8811,60.923759280000006,1,-43,5,6,2,203.09433600000003,212.78084227762258,1.9399725664422578,2.1899725664422576
5.099999904632568,1774896435.5,Mar 30 2026 13:47:15.500 UTC,639.04368,223.90608000000003,33.49781,-99.33374,15,3,81.3816,217.62720000000002,129,4.048,225.796,68.8226208,1,-43,5,7,1,224.91801600000002,223.32717298138903,2.054033157833871,2.304033157833871
5.199999809265137,1774896435.6,Mar 30 2026 13:47:15.600 UTC,661.9646400000001,246.82704,33.49776,-99.33367,15,3,85.64880000000001,227.99040000000002,129,4.048,253.3122,77.20955856,1,-43,1,11,1,247.75972800000002,232.40993507004873,2.1522649736569672,2.4022649736569672
5.299999952316284,1774896435.7,Mar 30 2026 13:47:15.700 UTC,685.83048,270.69288,33.49772,-99.3336,15,3,88.39200000000001,238.0488,130,4.048,280.0445,85.3575636,1,-43,0,9,4,271.40001600000005,240.57859259806287,2.24061057315425,2.49061057315425
5.3999998569488525,1774896435.8,Mar 30 2026 13:47:15.800 UTC,710.3973599999999,295.25976,33.49767,-99.33353,15,3,91.44,246.2784,130,4.048,308.4246,94.00781808,1,-43,1,7,5,295.87545600000004,248.6862513348583,2.328296459013111,2.578296459013111
5.5,1774896435.9,Mar 30 2026 13:47:15.900 UTC,735.4519200000001,320.31432000000007,33.49761,-99.33346,15,3,93.8784,251.7648,130,4.048,338.7036,103.23685728000001,1,-43,0,3,7,321.13728000000003,256.3977078818273,2.411697342120625,2.661697342120625
5.599999904632568,1774896436.0,Mar 30 2026 13:47:16.000 UTC,761.42088,346.28328,33.49755,-99.33337,15,3,99.06,260.9088,130,4.048,371.6872,113.29025856000001,1,-43,0,2,9,347.15500800000007,264.1704119325368,2.4957606287402356,2.7457606287402356
5.699999809265137,1774896436.1,Mar 30 2026 13:47:16.100 UTC,788.27376,373.13616,33.49749,-99.33329,15,3,104.5464,270.3576,130,4.048,405.517,123.6015816,1,-43,0,5,8,373.971312,272.338725114377,2.5841025040675345,2.8341025040675345
5.799999952316284,1774896436.2,Mar 30 2026 13:47:16.200 UTC,815.91912,400.78152000000006,33.49743,-99.33321,15,3,107.59440000000001,277.0632,131,4.048,440.2095,134.1758556,1,-51,0,10,3,401.62276800000006,280.2635421191667,2.6698109214902703,2.9198109214902703
5.8999998569488525,1774896436.3,Mar 30 2026 13:47:16.300 UTC,844.47888,429.34128,33.49736,-99.33311,14,3,110.33760000000001,285.2928,131,4.048,476.7571,145.31556408,1,-51,1,11,1,430.02403200000003,287.4568032540683,2.747607421725956,2.997607421725956
6.0,1774896436.4,Mar 30 2026 13:47:16.400 UTC,873.7092,458.57160000000005,33.4973,-99.33302,14,3,112.16640000000001,292.3032,132,4.048,513.3099,156.45685752,1,-51,5,6,2,459.114144,293.6137764654818,2.8141962691082347,3.0641962691082347
6.099999904632568,1774896436.5,Mar 30 2026 13:47:16.500 UTC,903.4272000000001,488.2896,33.49723,-99.33293,13,3,117.04320000000001,298.3992,132,4.048,551.5941,168.12588168000002,1,-51,4,7,1,488.7468,298.369004546857,2.865624973782739,3.115624973782739
6.199999809265137,1774896436.6,Mar 30 2026 13:47:16.600 UTC,933.72432,518.58672,33.49715,-99.33284,13,3,121.3104,304.1904,132,4.048,589.8997,179.80142856000003,1,-51,1,10,1,518.7878880000001,302.2396035811248,2.9074862454694617,3.1574862454694617
6.299999952316284,1774896436.7,Mar 30 2026 13:47:16.700 UTC,964.0824,548.9448,33.49708,-99.33274,13,3,121.6152,304.4952,132,4.048,630.905,192.299844,1,-51,1,11,0,549.194736,305.0132895328006,2.937484191567413,3.187484191567413
6.3999998569488525,1774896436.8,Mar 30 2026 13:47:16.800 UTC,994.6843200000001,579.54672,33.49701,-99.33264,16,3,122.2248,306.0192,131,4.048,671.0412,204.53335776,1,-51,0,11,4,579.79056,305.59240801399983,2.943747469128755,3.193747469128755
6.5,1774896436.9,Mar 30 2026 13:47:16.900 UTC,1025.7434400000002,610.6058400000001,33.49693,-99.33254,16,3,121.92,310.5912,131,4.048,711.1806,216.76784688,1,-51,0,6,9,610.313232,304.4036854632818,2.9308912065153496,3.1808912065153496
6.599999904632568,1774896437.0,Mar 30 2026 13:47:17.000 UTC,1056.40632,641.26872,33.49686,-99.33244,16,3,121.92,307.5432,131,4.048,752.2072,229.27275455999998,1,-51,1,6,8,640.6713120000001,301.81324783154287,2.9028751261800614,3.1528751261800614
6.699999809265137,1774896437.1,Mar 30 2026 13:47:17.100 UTC,1086.33768,671.20008,33.49678,-99.33234,15,3,120.396,300.228,131,4.048,792.3534,241.50931632,1,-51,2,6,6,670.675824,297.66761469961375,2.858039307922283,3.108039307922283
6.799999952316284,1774896437.2,Mar 30 2026 13:47:17.200 UTC,1115.8728,700.7352000000001,33.49671,-99.33224,16,3,120.396,296.5704,132,4.048,832.5014,253.74642672000002,1,-49,1,9,5,700.2048480000001,292.8822444313364,2.8062846097093184,3.0562846097093184
6.8999998569488525,1774896437.3,Mar 30 2026 13:47:17.300 UTC,1144.70688,729.56928,33.49664,-99.33215,14,3,119.4816,290.4744,132,4.048,871.7563,265.71132024,1,-49,3,8,2,729.252288,288.55409578237095,2.759474851092939,3.009474851092939
7.0,1774896437.4,Mar 30 2026 13:47:17.400 UTC,1173.38856,758.25096,33.49656,-99.33205,15,3,116.73840000000001,286.8168,132,4.048,911.9101,277.95019848000004,1,-49,1,11,2,757.9156800000002,284.8355278031995,2.7192578244561076,2.9692578244561076
7.099999904632568,1774896437.5,Mar 30 2026 13:47:17.500 UTC,1201.64352,786.5059200000001,33.49649,-99.33196,17,3,116.73840000000001,283.7688,131,4.051,949.3892,289.37382816,1,-49,0,6,8,786.219408,281.39162835596835,2.6820113907268723,2.9320113907268723
7.199999809265137,1774896437.6,Mar 30 2026 13:47:17.600 UTC,1229.6546400000002,814.5170400000001,33.49643,-99.33187,15,3,115.82400000000001,280.416,131,4.051,986.8701,300.79800648,1,-49,0,3,10,814.1939520000001,278.1299375409553,2.6467355783380087,2.8967355783380087
7.299999952316284,1774896437.7,Mar 30 2026 13:47:17.700 UTC,1257.39144,842.2538400000001,33.49635,-99.33178,16,3,113.99520000000001,278.2824,131,4.051,1025.2512,312.49656576,1,-49,0,4,9,841.8454080000001,274.9904908044414,2.6127818591282206,2.8627818591282206
7.3999998569488525,1774896437.8,Mar 30 2026 13:47:17.800 UTC,1284.5796,869.442,33.49628,-99.33169,17,3,113.08080000000001,273.1008,131,4.051,1062.7362,323.92199376,1,-49,0,5,10,869.1920640000001,271.9120188780644,2.5794875941968507,2.8294875941968507
7.5,1774896437.9,Mar 30 2026 13:47:17.900 UTC,1311.6458400000001,896.5082400000001,33.49622,-99.3316,17,3,112.77600000000001,270.6624,131,4.051,1100.2224,335.34778752000005,1,-49,1,10,4,896.2278240000002,268.83353227235693,2.546193170505704,2.796193170505704
7.599999904632568,1774896438.0,Mar 30 2026 13:47:18.000 UTC,1338.3768,923.2392000000001,33.49615,-99.3315,18,3,112.47120000000001,267.6144,131,4.051,1136.8077,346.49898696,1,-49,1,11,4,922.958784,266.09065376382205,2.516528412820161,2.766528412820161
7.699999809265137,1774896438.1,Mar 30 2026 13:47:18.100 UTC,1364.83344,949.6958400000001,33.49608,-99.33141,19,3,110.94720000000001,264.8712,131,4.051,1174.295,357.92511600000006,1,-49,0,12,5,949.4459040000002,263.40810068752216,2.48751608626635,2.73751608626635
7.799999952316284,1774896438.2,Mar 30 2026 13:47:18.200 UTC,1391.0462400000001,975.9086400000001,33.49602,-99.33132,16,3,109.72800000000001,261.5184,131,4.051,1210.8802,369.07628496,1,-48,0,8,6,975.6404160000002,260.51249447423197,2.4561995491311017,2.7061995491311017
7.8999998569488525,1774896438.3,Mar 30 2026 13:47:18.300 UTC,1417.0152,1001.8776,33.49595,-99.33123,17,3,108.81360000000001,259.08000000000004,131,4.051,1247.4655,380.22748440000004,1,-48,0,4,10,1001.5484160000001,257.8302615086759,2.4271906846364444,2.6771906846364444
8.0,1774896438.4,Mar 30 2026 13:47:18.400 UTC,1442.6184,1027.4808,33.49589,-99.33115,18,3,108.81360000000001,255.7272,131,4.051,1282.2814,390.83937072000003,1,-48,0,5,9,1027.20648,255.3613762110308,2.400489216131679,2.650489216131679
8.099999904632568,1774896438.5,Mar 30 2026 13:47:18.500 UTC,1467.9168,1052.7792,33.49582,-99.33105,17,3,108.20400000000001,252.6792,131,4.051,1318.8666,401.99053968000004,1,-48,0,4,8,1052.620704,252.89280117736962,2.3737911031914685,2.6237911031914685
8.199999809265137,1774896438.6,Mar 30 2026 13:47:18.600 UTC,1493.12376,1077.98616,33.49576,-99.33097,18,3,107.28960000000001,251.7648,131,4.051,1353.6841,412.60291368000003,1,-48,0,4,10,1077.784992,250.42362320186567,2.3470864693194673,2.5970864693194673
8.299999952316284,1774896438.7,Mar 30 2026 13:47:18.700 UTC,1518.11736,1102.97976,33.49569,-99.33088,19,3,106.3752,249.6312,130,4.051,1390.2693,423.75408264,1,-48,0,6,9,1102.70544,248.10713823123388,2.322033239611273,2.572033239611273
8.399999856948853,1774896438.8,Mar 30 2026 13:47:18.800 UTC,1542.8366400000002,1127.6990400000002,33.49563,-99.3308,18,3,105.7656,246.2784,130,4.051,1424.1828,434.09091744000006,1,-48,0,6,9,1127.406432,245.7601843863731,2.296650483178456,2.546650483178456
8.5,1774896438.9,Mar 30 2026 13:47:18.900 UTC,1567.2206400000002,1152.0830400000002,33.49557,-99.3307,19,3,105.156,242.9256,130,4.051,1460.7681,445.24211688,1,-48,0,12,4,1151.857488,243.1693788271159,2.2686304236364183,2.5186304236364183
8.599999904632568,1774896439.0,Mar 30 2026 13:47:19.000 UTC,1591.42176,1176.28416,33.49551,-99.33062,19,3,104.8512,241.0968,130,4.051,1494.6816,455.57895168,1,-48,0,14,3,1176.0403200000003,240.51790937575242,2.239954272454159,2.489954272454159
8.699999809265137,1774896439.1,Mar 30 2026 13:47:19.100 UTC,1615.37904,1200.24144,33.49545,-99.33054,19,3,104.2416,238.6584,130,4.051,1528.5952,465.91581696000003,1,-48,0,15,2,1199.961024,238.04874600688981,2.213249796555788,2.463249796555788
8.799999952316284,1774896439.2,Mar 30 2026 13:47:19.200 UTC,1639.03152,1223.89392,33.49538,-99.33044,19,3,103.0224,235.6104,130,4.051,1564.2755,476.7911724,1,-51,0,16,1,1223.65008,235.64082084005167,2.1872076235696687,2.4372076235696687
8.899999856948853,1774896439.3,Mar 30 2026 13:47:19.300 UTC,1662.44016,1247.30256,33.49532,-99.33036,19,3,102.4128,233.17200000000003,130,4.051,1598.189,487.12800720000007,1,-51,0,13,4,1247.0892000000001,233.20242723500087,2.160835928574527,2.410835928574527
9.0,1774896439.4,Mar 30 2026 13:47:19.400 UTC,1685.66592,1270.52832,33.49526,-99.33028,19,3,102.108,231.64800000000002,130,4.051,1632.1026,497.46487248,1,-51,0,9,7,1270.2905759999999,230.9164223297721,2.1361123466256506,2.3861123466256506
9.099999904632568,1774896439.5,Mar 30 2026 13:47:19.500 UTC,1708.61736,1293.47976,33.4952,-99.33019,22,3,101.8032,228.90480000000002,130,4.052,1666.0163,507.80176824,1,-51,0,9,7,1293.272496,228.84405824270198,2.113699331142878,2.363699331142878
9.199999809265137,1774896439.6,Mar 30 2026 13:47:19.600 UTC,1731.38592,1316.24832,33.49514,-99.33011,22,3,101.4984,226.46640000000002,130,4.052,1699.9301,518.13869448,1,-51,0,10,6,1316.059344,226.71018871018168,2.090621122458896,2.340621122458896
9.299999952316284,1774896439.7,Mar 30 2026 13:47:19.700 UTC,1753.94112,1338.80352,33.49508,-99.33003,23,3,100.8888,224.94240000000002,130,4.052,1731.1726,527.6614084800001,1,-51,0,10,5,1338.614544,224.48514393575988,2.0665568360286652,2.3165568360286652
9.399999856948853,1774896439.8,Mar 30 2026 13:47:19.800 UTC,1776.3744000000002,1361.2368000000001,33.49502,-99.32995,22,3,100.2792,223.41840000000002,130,4.052,1765.0866,537.99839568,1,-51,1,9,4,1360.956384,222.29058969121525,2.04282231053305,2.29282231053305
9.5,1774896439.9,Mar 30 2026 13:47:19.900 UTC,1798.44192,1383.30432,33.49496,-99.32986,22,3,99.9744,219.76080000000002,130,4.052,1798.0946,548.05923408,1,-51,1,6,10,1383.0726720000002,220.15698511300252,2.0197469673807738,2.2697469673807738
9.599999904632568,1774896440.0,Mar 30 2026 13:47:20.000 UTC,1820.32656,1405.18896,33.49491,-99.32978,22,3,99.06,217.93200000000002,130,4.052,1831.1029,558.1201639200001,1,-51,1,8,10,1404.9877920000004,218.05412795262146,1.9970041634556615,2.2470041634556615
9.699999809265137,1774896440.1,Mar 30 2026 13:47:20.100 UTC,1841.96736,1426.82976,33.49485,-99.3297,21,3,98.4504,215.79840000000002,130,4.052,1865.0167,568.45709016,1,-51,0,12,5,1426.6834560000002,216.01171075217735,1.9749150293013664,2.2249150293013664
9.799999952316284,1774896440.2,Mar 30 2026 13:47:20.200 UTC,1863.51672,1448.37912,33.49479,-99.32962,24,3,98.1456,213.6648,130,4.052,1896.2592,577.9798041600001,1,-70,0,14,7,1448.1901440000004,214.12194669718883,1.954476868223635,2.204476868223635
9.899999856948853,1774896440.3,Mar 30 2026 13:47:20.300 UTC,1884.85272,1469.71512,33.49473,-99.32954,25,3,97.536,211.836,130,4.052,1929.2675,588.040734,1,-70,0,16,6,1469.5078560000002,212.23219165327373,1.9340388046023926,2.184038804602393
10.0,1774896440.4,Mar 30 2026 13:47:20.400 UTC,1905.9753600000001,1490.8377600000001,33.49468,-99.32946,23,3,96.9264,209.7024,130,4.052,1959.6044,597.28742112,1,-70,1,15,5,1490.636592,210.25098740207795,1.9126117002467264,2.1626117002467264
10.099999904632568,1774896440.5,Mar 30 2026 13:47:20.500 UTC,1926.91512,1511.7775199999999,33.49462,-99.32938,24,3,96.6216,207.264,130,4.052,1992.6131,607.34847288,1,-70,1,16,4,1511.5580640000003,208.17859853458322,1.8901984167589039,2.1401984167589037
10.199999809265137,1774896440.6,Mar 30 2026 13:47:20.600 UTC,1947.6110400000002,1532.4734400000002,33.49456,-99.3293,24,3,96.012,205.1304,130,4.052,2023.8552,616.87106496,1,-70,1,16,5,1532.2722720000002,206.1971530921228,1.8687687038734033,2.1187687038734033
10.299999952316284,1774896440.7,Mar 30 2026 13:47:20.700 UTC,1968.1240800000003,1552.9864800000003,33.49451,-99.32922,25,3,95.0976,203.3016,130,4.052,2056.8639,626.93211672,1,-70,0,12,10,1552.7975040000003,204.24642890632913,1.8476712472770456,2.0976712472770456
10.399999856948853,1774896440.8,Mar 30 2026 13:47:20.800 UTC,1988.4237600000001,1573.28616,33.49445,-99.32914,25,3,94.7928,201.4728,130,4.052,2087.201,636.1788648,1,-70,0,10,10,1573.1215680000003,202.204274262097,1.8255849527185921,2.075584952718592
10.5,1774896440.9,Mar 30 2026 13:47:20.900 UTC,2008.60152,1593.46392,33.49437,-99.32906,24,3,94.7928,199.3392,130,4.052,2123.8844,647.35996512,1,-70,0,8,12,1593.2383680000003,200.16210988009334,1.8034985528442702,2.05349855284427
10.599999904632568,1774896441.0,Mar 30 2026 13:47:21.000 UTC,2028.53544,1613.39784,33.49434,-99.32898,24,3,94.1832,197.2056,130,4.052,2150.5472,655.48678656,1,-70,0,9,11,1613.1540000000002,198.27258908747535,1.7830630226957809,2.0330630226957807
10.699999809265137,1774896441.1,Mar 30 2026 13:47:21.100 UTC,2048.19504,1633.05744,33.49429,-99.3289,24,3,93.8784,195.3768,130,4.052,2180.8845,664.7335956000001,1,-70,0,9,10,1632.8928480000002,196.41307549747034,1.7629520262047487,2.012952026204749
10.799999952316284,1774896441.2,Mar 30 2026 13:47:21.200 UTC,2067.70224,1652.56464,33.49424,-99.32883,23,3,93.5736,193.548,130,4.052,2211.2217,673.98037416,1,-57,1,7,9,1652.4366240000002,194.52331144248092,1.7425138651270073,1.9925138651270073
10.899999856948853,1774896441.3,Mar 30 2026 13:47:21.300 UTC,2087.118,1671.9804000000001,33.49418,-99.32875,23,3,93.2688,192.024,129,4.052,2241.5591,683.22721368,1,-57,1,6,10,1671.79752,192.7554760788189,1.7233943862555279,1.9733943862555279
11.0,1774896441.4,Mar 30 2026 13:47:21.400 UTC,2106.3204,1691.1828,33.49413,-99.32867,24,3,92.964,189.5856,129,4.052,2271.8964,692.4740227200001,1,-57,1,9,11,1690.987728,191.04859241624763,1.7049341117336951,1.9549341117336951
11.099999904632568,1774896441.5,Mar 30 2026 13:47:21.500 UTC,2125.33992,1710.2023199999999,33.49408,-99.3286,26,3,92.0496,187.7568,129,4.048,2302.2339,701.72089272,1,-57,0,11,11,1710.007248,189.28098051240886,1.685817049623107,1.935817049623107
11.199999809265137,1774896441.6,Mar 30 2026 13:47:21.600 UTC,2144.1460800000004,1729.0084800000002,33.49402,-99.32852,25,3,91.7448,186.2328,129,4.048,2332.5713,710.96773224,1,-57,1,13,9,1728.8438879999999,187.54339724879537,1.667024753021869,1.917024753021869
11.299999952316284,1774896441.7,Mar 30 2026 13:47:21.700 UTC,2162.79984,1747.66224,33.49397,-99.32845,26,3,91.1352,184.404,129,4.048,2362.9088,720.2146022400001,1,-57,1,14,9,1747.5159360000002,185.89747371702833,1.6492237740186526,1.8992237740186526
11.399999856948853,1774896441.8,Mar 30 2026 13:47:21.800 UTC,2181.3012000000003,1766.1636,33.49392,-99.32837,26,3,91.1352,182.88,129,4.048,2393.2463,729.4614722399999,1,-57,1,14,10,1766.023392,184.16011827342845,1.6304339413346016,1.8804339413346016
11.5,1774896441.9,Mar 30 2026 13:47:21.900 UTC,2199.68064,1784.5430400000002,33.49386,-99.32829,27,3,90.52560000000001,181.35600000000002,129,4.048,2423.5839,738.70837272,1,-57,0,16,9,1784.347968,182.39227448005295,1.6113143712941524,1.8613143712941524
11.599999904632568,1774896442.0,Mar 30 2026 13:47:22.000 UTC,2217.8772,1802.7396,33.49381,-99.32822,28,3,90.22080000000001,179.52720000000002,129,4.048,2453.0183,747.6799778400001,1,-57,0,19,6,1802.501856,180.59417222802404,1.5918675502139292,1.8418675502139292
11.699999809265137,1774896442.1,Mar 30 2026 13:47:22.100 UTC,2235.76896,1820.63136,33.49376,-99.32814,23,3,89.61120000000001,177.39360000000002,129,4.048,2483.356,756.9269088000001,1,-57,1,14,5,1820.4667680000002,178.61275988668785,1.5704381953234428,1.8204381953234428
11.799999952316284,1774896442.2,Mar 30 2026 13:47:22.200 UTC,2253.56928,1838.4316800000001,33.49371,-99.32807,26,3,89.00160000000001,175.26000000000002,129,4.048,2511.0211,765.35923128,1,-55,1,14,9,1838.2244160000002,176.57059550468148,1.5483517954490913,1.7983517954490913
11.899999856948853,1774896442.3,Mar 30 2026 13:47:22.300 UTC,2271.12576,1855.98816,33.49366,-99.328,28,3,88.69680000000001,173.73600000000002,129,4.048,2541.3588,774.60616224,1,-55,0,13,12,1855.7808960000002,174.65036054070515,1.5275840856404304,1.7775840856404304
12.0,1774896442.4,Mar 30 2026 13:47:22.400 UTC,2288.4688800000004,1873.33128,33.49361,-99.32792,27,3,88.69680000000001,172.21200000000002,129,4.048,2570.794,783.5780112,1,-55,0,11,12,1873.1544960000003,172.73011642031088,1.5068162768033513,1.7568162768033513
12.099999904632568,1774896442.5,Mar 30 2026 13:47:22.500 UTC,2305.6596,1890.5220000000002,33.49355,-99.32785,26,3,88.08720000000001,170.68800000000002,129,4.048,2599.3616,792.2854156800001,1,-55,0,12,11,1890.3269280000002,170.7796028681205,1.4857210982498532,1.7357210982498532
12.199999809265137,1774896442.6,Mar 30 2026 13:47:22.600 UTC,2322.6369600000003,1907.49936,33.4935,-99.32777,28,3,87.78240000000001,168.85920000000002,129,4.048,2628.7969,801.25729512,1,-55,0,8,15,1907.3103840000003,168.95060182694942,1.465940100832681,1.715940100832681
12.299999952316284,1774896442.7,Mar 30 2026 13:47:22.700 UTC,2339.4314400000003,1924.29384,33.49345,-99.32771,28,3,87.47760000000001,166.72560000000001,129,4.048,2656.4619,809.6895871199999,1,-55,0,10,12,1924.1170560000003,167.2132380989733,1.4471501785515104,1.6971501785515104
12.399999856948853,1774896442.8,Mar 30 2026 13:47:22.800 UTC,2356.04304,1940.9054400000002,33.4934,-99.32763,28,3,87.47760000000001,165.2016,129,4.048,2685.8975,818.661558,1,-55,0,12,10,1940.7530400000003,165.59780233562742,1.4296789306172324,1.6796789306172324
12.5,1774896442.9,Mar 30 2026 13:47:22.900 UTC,2372.5022400000003,1957.3646400000002,33.49335,-99.32755,26,3,86.86800000000001,163.9824,129,4.048,2715.3339,827.63377272,1,-55,1,11,8,1957.2366240000001,164.16523926168338,1.4141854859292624,1.6641854859292624
12.599999904632568,1774896443.0,Mar 30 2026 13:47:23.000 UTC,2388.83952,1973.70192,33.4933,-99.32748,27,3,86.56320000000001,162.1536,129,4.048,2743.9004,836.34084192,1,-55,2,8,12,1973.586096,162.7938352523015,1.399353488266695,1.649353488266695
12.699999809265137,1774896443.1,Mar 30 2026 13:47:23.100 UTC,2405.05488,1989.9172800000001,33.49325,-99.32741,27,3,86.56320000000001,160.6296,129,4.048,2773.3367,845.31302616,1,-55,1,11,11,1989.7953600000003,161.39156319312133,1.3841876467190841,1.6341876467190841
12.799999952316284,1774896443.2,Mar 30 2026 13:47:23.200 UTC,2421.1788,2006.0412000000001,33.4932,-99.32734,27,3,85.95360000000001,159.1056,129,4.048,2801.0016,853.74528768,1,-61,0,13,10,2005.8644160000001,160.01996024998334,1.3693534975497503,1.6193534975497503
12.899999856948853,1774896443.3,Mar 30 2026 13:47:23.300 UTC,2437.08936,2021.9517600000001,33.49315,-99.32726,26,3,85.64880000000001,157.5816,129,4.048,2830.4383,862.71759384,1,-61,1,12,11,2021.7993600000002,173.97976363890302,1.5203314513969757,1.7703314513969757
13.0,1774896443.4,Mar 30 2026 13:47:23.400 UTC,2452.84752,2037.70992,33.49311,-99.32719,26,3,85.64880000000001,156.3624,129,4.048,2857.202,870.8751696000002,1,-61,1,15,7,2040.660384,187.726273135675,1.6690025908495132,1.9190025908495132
13.099999904632568,1774896443.5,Mar 30 2026 13:47:23.500 UTC,2468.51424,2053.37664,33.49306,-99.32713,27,3,85.03920000000001,154.5336,129,4.053,2884.8667,879.30737016,1,-61,1,16,8,2059.3446240000003,155.39733642999317,1.3193589334213245,1.5693589334213245
13.299999952316284,1774896443.7,Mar 30 2026 13:47:23.700 UTC,2499.36,2084.2224,33.49296,-99.32698,27,3,84.73440000000001,151.7904,129,4.053,2941.9688,896.7120902400001,1,-61,0,16,9,2077.845984,152.9995731905201,1.2934266636306857,1.5434266636306857
13.399999856948853,1774896443.8,Mar 30 2026 13:47:23.800 UTC,2514.6,2099.4624,33.49291,-99.32691,27,3,84.12480000000001,150.2664,129,4.053,2968.7329,904.86978792,1,-61,0,18,7,2096.17056,182.27035886931844,1.6099958305570141,1.8599958305570141
13.5,1774896443.9,Mar 30 2026 13:47:23.900 UTC,2529.5961600000005,2114.45856,33.49286,-99.32684,28,3,83.82000000000001,148.7424,129,4.053,2996.3975,913.301958,1,-61,0,16,9,2114.300064,164.98816178579364,1.4230855510235585,1.6730855510235585
13.599999904632568,1774896444.0,Mar 30 2026 13:47:24.000 UTC,2544.4704,2129.3328,33.49281,-99.32677,28,3,83.51520000000001,147.2184,129,4.053,3025.8355,922.2746604000001,1,-61,0,14,11,2129.168208,147.85862100896884,1.2378262787561316,1.4878262787561316
13.699999809265137,1774896444.1,Mar 30 2026 13:47:24.100 UTC,2559.1617600000004,2144.02416,33.49277,-99.3267,27,3,83.2104,145.6944,129,4.053,3052.6001,930.4325104800001,1,-61,0,12,12,2143.87176,146.3039668629117,1.2210123956825263,1.4710123956825263
13.799999952316284,1774896444.2,Mar 30 2026 13:47:24.200 UTC,2573.70072,2158.56312,33.49272,-99.32663,28,3,82.9056,144.1704,129,4.053,3080.2646,938.86465008,1,-57,0,10,13,2158.429008,144.77996359275858,1.2045300077166021,1.4545300077166021
13.899999856948853,1774896444.3,Mar 30 2026 13:47:24.300 UTC,2588.1177600000005,2172.98016,33.49267,-99.32656,28,3,82.6008,142.6464,129,4.053,3107.0292,947.02250016,1,-57,0,11,11,2172.82776,143.25596758960273,1.1880476983446486,1.4380476983446486
14.0,1774896444.4,Mar 30 2026 13:47:24.400 UTC,2602.3824,2187.2448,33.49263,-99.32649,28,3,82.6008,141.1224,129,4.053,3133.7941,955.1804416800001,1,-57,0,7,14,2187.0802080000003,141.76244438485264,1.1718949581380427,1.4218949581380427
14.099999904632568,1774896444.5,Mar 30 2026 13:47:24.500 UTC,2616.4641600000004,2201.32656,33.49258,-99.32642,28,3,82.296,139.9032,129,4.053,3161.4584,963.61252032,1,-57,0,6,16,2201.180256,140.20813371289296,1.1550847898027463,1.4050847898027463
14.199999809265137,1774896444.6,Mar 30 2026 13:47:24.600 UTC,2630.424,2215.2864,33.49253,-99.32635,28,3,81.9912,138.3792,129,4.053,3188.2234,971.77049232,1,-57,0,8,11,2215.121808,138.65348875957534,1.138271006150384,1.388271006150384
14.299999952316284,1774896444.7,Mar 30 2026 13:47:24.700 UTC,2644.2009600000006,2229.06336,33.49248,-99.32629,28,3,81.6864,136.8552,129,4.053,3215.8878,980.2026014400001,1,-57,0,8,12,2228.91096,137.1599655548289,1.1221182659438174,1.3721182659438174
14.399999856948853,1774896444.8,Mar 30 2026 13:47:24.800 UTC,2657.82552,2242.68792,33.49244,-99.32622,28,3,81.3816,135.3312,129,4.053,3242.6528,988.36057344,1,-57,1,9,10,2242.553808,135.6969293917973,1.1062952489467206,1.3562952489467206
14.5,1774896444.9,Mar 30 2026 13:47:24.900 UTC,2671.3281600000005,2256.19056,33.49238,-99.32615,27,3,81.0768,133.8072,129,4.053,3272.1164,997.34107872,1,-57,1,8,11,2256.050352,134.29484638325812,1.0911314520180886,1.3411314520180886
14.599999904632568,1774896445.0,Mar 30 2026 13:47:25.000 UTC,2684.6784000000002,2269.5408,33.49234,-99.32608,27,3,81.0768,132.2832,129,4.053,3296.1835,1004.6767308000001,1,-57,1,10,9,2269.412784,132.9538867947067,1.0766287166119435,1.3266287166119435
14.699999809265137,1774896445.1,Mar 30 2026 13:47:25.100 UTC,2697.90672,2282.76912,33.49229,-99.32601,28,3,80.772,131.064,129,4.053,3323.8477,1013.10877896,1,-57,0,10,11,2282.6411040000003,131.67357006034763,1.062781845316942,1.312781845316942
14.799999952316284,1774896445.2,Mar 30 2026 13:47:25.200 UTC,2711.01312,2295.87552,33.49225,-99.32595,27,3,80.4672,129.84480000000002,129,4.053,3348.8377,1020.7257309600001,1,-59,0,13,10,2295.747504,130.4848475096278,1.0499255827035168,1.2999255827035168
14.899999856948853,1774896445.3,Mar 30 2026 13:47:25.300 UTC,2723.9671200000003,2308.8295200000002,33.4922,-99.32588,28,3,80.1624,128.32080000000002,129,4.053,3375.603,1028.8837944000002,1,-59,0,16,8,2308.73808,129.26565070710421,1.0367397352059657,1.2867397352059657
15.0,1774896445.4,Mar 30 2026 13:47:25.400 UTC,2736.86016,2321.72256,33.49216,-99.32581,28,3,79.8576,127.1016,129,4.053,3402.3685,1037.0419188,1,-59,1,17,6,2321.60064,127.98548796017712,1.0228945293146061,1.2728945293146061
15.099999904632568,1774896445.5,Mar 30 2026 13:47:25.500 UTC,2749.63128,2334.49368,33.49211,-99.32574,28,3,79.5528,125.8824,129,4.052,3429.1342,1045.2001041600001,1,-59,1,17,7,2334.3351840000005,126.73596086483303,1.0093806538769723,1.2593806538769723
15.199999809265137,1774896445.6,Mar 30 2026 13:47:25.600 UTC,2762.21952,2347.08192,33.49207,-99.32568,28,3,79.5528,124.3584,129,4.052,3455.9,1053.35832,1,-59,1,18,6,2346.9478080000004,125.39469184800873,0.9948745719446476,1.2448745719446475
15.299999952316284,1774896445.7,Mar 30 2026 13:47:25.700 UTC,2774.68584,2359.54824,33.49202,-99.32561,28,3,79.248,123.1392,129,4.052,3480.8896,1060.97515008,1,-59,1,17,6,2359.414128,123.9011686432641,0.9787218317381006,1.2287218317381006
15.399999856948853,1774896445.8,Mar 30 2026 13:47:25.800 UTC,2787.03024,2371.89264,33.49197,-99.32555,27,3,78.9432,121.92,129,4.052,3507.6554,1069.1333659200002,1,-59,0,13,12,2371.7280480000004,122.37717264010826,0.9622395223661471,1.212239522366147
15.5,1774896445.9,Mar 30 2026 13:47:25.900 UTC,2799.19176,2384.05416,33.49193,-99.32548,27,3,78.6384,120.7008,129,4.052,3533.5236,1077.0179932800002,1,-59,0,15,10,2383.8895680000005,120.8226893045503,0.945427486640885,1.195427486640885
15.599999904632568,1774896446.0,Mar 30 2026 13:47:26.000 UTC,2811.2008800000003,2396.0632800000003,33.49189,-99.32542,28,3,78.6384,119.1768,129,4.052,3558.5127,1084.6346709600002,1,-59,0,17,8,2395.892592,119.29883377223268,0.9289466964880166,1.1789466964880166
15.699999809265137,1774896446.1,Mar 30 2026 13:47:26.100 UTC,2823.02712,2407.88952,33.49184,-99.32535,26,3,78.3336,117.9576,129,4.052,3585.2789,1092.79300872,1,-59,0,16,7,2407.7493120000004,117.83565365020513,0.9131221225467393,1.1631221225467394
15.799999952316284,1774896446.2,Mar 30 2026 13:47:26.200 UTC,2834.7009600000006,2419.56336,33.49179,-99.32529,27,3,78.3336,116.73840000000001,129,4.052,3610.2681,1100.40971688,1,-59,0,13,11,2419.4597280000003,116.43357064166412,0.8979583256180874,1.1479583256180874
15.899999856948853,1774896446.3,Mar 30 2026 13:47:26.300 UTC,2846.31384,2431.1762400000002,33.49175,-99.32522,27,3,78.0288,115.51920000000001,129,4.052,3636.1367,1108.29446616,1,-59,0,13,11,2431.036032,115.1229340789505,0.8837835395582118,1.1337835395582117
16.0,1774896446.4,Mar 30 2026 13:47:26.400 UTC,2857.74384,2442.60624,33.49171,-99.32516,27,3,77.724,113.99520000000001,129,4.052,3661.1257,1115.9111133600002,1,-59,0,9,14,2442.4843200000005,113.87325139742825,0.8702679814261897,1.1202679814261898
16.09999990463257,1774896446.5,Mar 30 2026 13:47:26.500 UTC,2869.0824000000002,2453.9448,33.49166,-99.32509,28,3,77.4192,112.77600000000001,129,4.052,3687.8921,1124.06951208,1,-59,0,9,12,2453.8106880000005,112.59322737726689,0.8564242758914359,1.106424275891436
16.199999809265137,1774896446.6,Mar 30 2026 13:47:26.600 UTC,2880.2685600000004,2465.13096,33.49162,-99.32502,28,3,77.4192,111.55680000000001,129,4.052,3713.7615,1131.9545052,1,-59,0,7,14,2465.0029440000003,111.28245499457626,0.8422480209124323,1.0922480209124323
16.299999952316284,1774896446.7,Mar 30 2026 13:47:26.700 UTC,2891.3328,2476.1952,33.49157,-99.32496,27,3,77.1144,110.03280000000001,129,4.052,3738.7502,1139.57106096,1,-59,0,6,15,2476.067184,109.97181218224978,0.8280731672617938,1.0780731672617938
16.399999856948853,1774896446.8,Mar 30 2026 13:47:26.800 UTC,2902.2751200000002,2487.13752,33.49153,-99.3249,28,3,76.8096,108.81360000000001,129,4.052,3763.7391,1147.18767768,1,-59,0,8,14,2486.9973120000004,108.6916555396001,0.8142280273893663,1.0642280273893663
16.5,1774896446.9,Mar 30 2026 13:47:26.900 UTC,2913.06504,2497.92744,33.49148,-99.32483,28,3,76.8096,107.28960000000001,129,4.052,3790.5056,1155.34610688,1,-59,0,9,13,2497.8055200000003,107.50293298887846,0.8013717647759213,1.0513717647759213
16.59999990463257,1774896447.0,Mar 30 2026 13:47:27.000 UTC,2923.73304,2508.59544,33.49144,-99.32477,28,3,76.5048,106.0704,129,4.052,3814.5973,1162.68925704,1,-59,0,9,14,2508.4979040000003,106.37530144739321,0.7891762131564648,1.0391762131564648
16.699999809265137,1774896447.1,Mar 30 2026 13:47:27.100 UTC,2934.3096,2519.172,33.4914,-99.3247,28,3,76.2,105.156,129,4.052,3840.4672,1170.5744025600002,1,-59,1,6,17,2519.0805600000003,105.30837612821415,0.7776372109864694,1.0276372109864695
16.799999952316284,1774896447.2,Mar 30 2026 13:47:27.200 UTC,2944.79472,2529.65712,33.49135,-99.32464,28,3,76.2,103.9368,129,4.052,3865.4557,1178.19089736,1,-56,1,7,14,2529.559584,104.27205390451309,0.766429187169674,1.016429187169674
16.899999856948853,1774896447.3,Mar 30 2026 13:47:27.300 UTC,2955.1884,2540.0508,33.49131,-99.32458,28,3,75.8952,102.7176,129,4.052,3889.5474,1185.53404752,1,-56,1,9,12,2539.9349760000005,103.20525670230381,0.7548915706093046,1.0048915706093045
17.0,1774896447.4,Mar 30 2026 13:47:27.400 UTC,2965.4601600000005,2550.3225600000005,33.49126,-99.32451,28,3,75.8952,101.4984,129,4.052,3916.3143,1193.6925986400001,1,-56,1,8,15,2550.2006400000005,102.07749428239003,0.7426946035145156,0.9926946035145156
17.09999990463257,1774896447.5,Mar 30 2026 13:47:27.500 UTC,2975.61,2560.4724,33.49122,-99.32445,28,3,75.5904,99.9744,129,4.046,3940.4061,1201.03577928,1,-56,1,13,9,2560.3504800000005,100.85841618608174,0.7295100398474738,0.9795100398474738
17.199999809265137,1774896447.6,Mar 30 2026 13:47:27.600 UTC,2985.63792,2570.50032,33.49118,-99.32439,28,3,75.5904,98.7552,129,4.046,3964.4979,1208.37895992,1,-56,0,15,8,2570.3723040000004,99.60861770513839,0.7159932293224797,0.9659932293224797
17.299999952316284,1774896447.7,Mar 30 2026 13:47:27.700 UTC,2995.54392,2580.40632,33.49113,-99.32432,27,3,75.2856,97.8408,129,4.046,3991.2651,1216.53760248,1,-56,0,15,8,2580.272208000001,98.35893502361432,0.7024776711904379,0.9524776711904379
17.399999856948853,1774896447.8,Mar 30 2026 13:47:27.800 UTC,3005.29752,2590.15992,33.49109,-99.32426,28,3,75.2856,96.6216,129,4.046,4015.357,1223.8808136,1,-56,0,16,8,2590.0440960000005,97.07877838095555,0.688632531317912,0.938632531317912
17.5,1774896447.9,Mar 30 2026 13:47:27.900 UTC,3014.9596800000004,2599.8220800000004,33.49105,-99.3242,28,3,74.9808,95.4024,129,4.046,4040.3452,1231.49721696,1,-56,0,17,7,2599.687968,95.79861563403028,0.6747873254265719,0.9247873254265719
17.59999990463257,1774896448.0,Mar 30 2026 13:47:28.000 UTC,3024.46944,2609.33184,33.49101,-99.32413,27,3,74.676,94.1832,129,4.046,4063.5408,1238.5672358400002,1,-56,0,18,6,2609.203824,94.54905016900193,0.6612730350134362,0.9112730350134362
17.699999809265137,1774896448.1,Mar 30 2026 13:47:28.100 UTC,3033.85728,2618.71968,33.49096,-99.32407,26,3,74.3712,92.964,129,4.046,4088.5289,1246.18360872,1,-56,0,18,6,2618.5977600000006,93.29925928205921,0.6477563066190168,0.8977563066190168
17.799999952316284,1774896448.2,Mar 30 2026 13:47:28.200 UTC,3043.1232,2627.9856,33.49092,-99.32401,27,3,74.3712,91.7448,129,4.046,4114.4001,1254.06915048,1,-56,0,16,9,2627.8636800000004,92.08005666593817,0.6345703962462933,0.8845703962462933
17.899999856948853,1774896448.3,Mar 30 2026 13:47:28.300 UTC,3052.2672000000002,2637.1296,33.49088,-99.32394,27,3,74.0664,90.52560000000001,129,4.046,4138.4921,1261.4123920800002,1,-56,0,15,9,2637.0137760000007,90.95229962359736,0.6223734873109883,0.8723734873109883
18.0,1774896448.4,Mar 30 2026 13:47:28.400 UTC,3061.2892800000004,2646.1516800000004,33.49084,-99.32388,28,3,74.0664,89.30640000000001,129,4.046,4162.5841,1268.75563368,1,-56,0,17,7,2646.0541439999997,89.8245372036854,0.6101765202162189,0.8601765202162189
18.09999990463257,1774896448.5,Mar 30 2026 13:47:28.500 UTC,3070.21992,2655.08232,33.4908,-99.32382,28,3,74.0664,88.39200000000001,129,4.046,4186.6762,1276.09890576,1,-56,0,15,8,2654.978688,88.666404558875,0.5976510933082774,0.8476510933082774
18.199999809265137,1774896448.6,Mar 30 2026 13:47:28.600 UTC,3079.05912,2663.92152,33.49075,-99.32376,26,3,73.7616,87.17280000000001,129,4.046,4210.7682,1283.4421473600003,1,-56,0,16,6,2663.787408,87.50806051743166,0.5851233801051635,0.8351233801051635
18.299999952316284,1774896448.7,Mar 30 2026 13:47:28.700 UTC,3087.74592,2672.60832,33.49071,-99.3237,26,3,73.7616,85.95360000000001,129,4.046,4234.8603,1290.7854194400002,1,-56,0,14,9,2672.480304,86.34981803211667,0.5725967652510762,0.8225967652510762
18.399999856948853,1774896448.8,Mar 30 2026 13:47:28.800 UTC,3096.3108,2681.1732,33.49067,-99.32364,27,3,73.4568,84.73440000000001,129,4.046,4258.9524,1298.12869152,1,-56,0,14,9,2681.0573760000007,85.19158106971554,0.5600702101283623,0.8100702101283623
18.5,1774896448.9,Mar 30 2026 13:47:28.900 UTC,3104.7537600000005,2689.6161600000005,33.49061,-99.32358,28,3,73.4568,83.82000000000001,129,4.046,4286.6288,1306.5644582400002,1,-56,0,14,8,2689.5186240000003,84.03333858439873,0.5475435952742552,0.7975435952742552
18.59999990463257,1774896449.0,Mar 30 2026 13:47:29.000 UTC,3113.10528,2697.96768,33.49059,-99.32352,28,3,73.152,82.6008,129,4.046,4307.1366,1312.8152356800001,1,-56,0,12,10,2697.8640480000004,82.87519903595057,0.5350180937021457,0.7850180937021457
18.699999809265137,1774896449.1,Mar 30 2026 13:47:29.100 UTC,3121.3653600000002,2706.22776,33.49054,-99.32346,28,3,73.152,81.3816,129,4.046,4331.2287,1320.15850776,1,-56,0,9,13,2706.0936480000005,81.71686189814136,0.5224904551631605,0.7724904551631605
18.799999952316284,1774896449.2,Mar 30 2026 13:47:29.200 UTC,3129.47304,2714.33544,33.4905,-99.32339,28,3,72.8472,80.4672,129,4.046,4355.3209,1327.50181032,1,-62,0,7,16,2714.207424,80.4976592820185,0.5093045447904172,0.7593045447904172
18.899999856948853,1774896449.3,Mar 30 2026 13:47:29.300 UTC,3137.4588000000003,2722.3212000000003,33.49046,-99.32333,28,3,72.8472,79.248,129,4.046,4379.413,1334.8450824,1,-62,0,6,16,2722.1931839999997,79.21750263937429,0.4954594049180487,0.7454594049180487
19.0,1774896449.4,Mar 30 2026 13:47:29.400 UTC,3145.32264,2730.18504,33.49042,-99.32327,27,3,72.8472,78.0288,129,4.046,4403.5052,1342.18838496,1,-62,0,6,13,2730.0509280000006,77.9678199578484,0.4819438467859873,0.7319438467859873
19.09999990463257,1774896449.5,Mar 30 2026 13:47:29.500 UTC,3153.0340800000004,2737.8964800000003,33.49038,-99.32321,27,3,72.5424,76.8096,129,4.052,4427.5974,1349.5316875199999,1,-62,0,6,13,2737.7867520000004,76.74871319327758,0.46875897306618214,0.7187589730661821
19.199999809265137,1774896449.6,Mar 30 2026 13:47:29.600 UTC,3160.6540800000002,2745.5164800000002,33.49033,-99.32315,26,3,72.2376,75.5904,129,4.052,4451.6896,1356.87499008,1,-62,0,6,13,2745.4006560000007,75.59038328612405,0.4562314127281264,0.7062314127281264
19.299999952316284,1774896449.7,Mar 30 2026 13:47:29.700 UTC,3168.1521600000005,2753.0145600000005,33.49029,-99.32309,27,3,72.2376,74.676,129,4.052,4475.7819,1364.2183231200002,1,-62,0,9,11,2752.9048320000006,74.49310093161148,0.4443640933926358,0.6943640933926358
19.399999856948853,1774896449.8,Mar 30 2026 13:47:29.800 UTC,3175.52832,2760.39072,33.49025,-99.32303,26,3,71.9328,73.4568,129,4.052,4498.9791,1371.28882968,1,-62,0,6,13,2760.29928,73.42630372939857,0.432826476832227,0.682826476832227
19.5,1774896449.9,Mar 30 2026 13:47:29.900 UTC,3182.84352,2767.70592,33.49021,-99.32298,28,3,71.628,72.2376,129,4.052,4521.2905,1378.0893444,1,-62,0,8,13,2767.590096,72.3595014402963,0.4212888052561332,0.6712888052561332
19.59999990463257,1774896450.0,Mar 30 2026 13:47:30.000 UTC,3190.00632,2774.86872,33.49017,-99.32291,27,3,71.628,71.0184,129,4.052,4545.3827,1385.43264696,1,-62,0,8,13,2774.771184,71.23182793196611,0.40909279975719115,0.6590927997571912
19.699999809265137,1774896450.1,Mar 30 2026 13:47:30.100 UTC,3197.10816,2781.97056,33.49013,-99.32285,28,3,71.628,70.104,129,4.052,4569.475,1392.7759800000001,1,-62,2,7,12,2781.836448,70.07350467410288,0.3965653113324866,0.6465653113324866
19.799999952316284,1774896450.2,Mar 30 2026 13:47:30.200 UTC,3204.0576,2788.92,33.49009,-99.32279,27,3,71.628,68.8848,129,4.052,4593.5673,1400.11931304,1,-59,2,9,11,2788.785888,68.97622231959576,0.384697991997055,0.634697991997055
19.899999856948853,1774896450.3,Mar 30 2026 13:47:30.300 UTC,3210.85464,2795.71704,33.49005,-99.32273,27,3,71.3232,67.6656,129,4.052,4616.7648,1407.18991104,1,-59,2,10,10,2795.6316960000004,67.87894519732254,0.3728307292492375,0.6228307292492374
20.0,1774896450.4,Mar 30 2026 13:47:30.400 UTC,3217.59072,2802.45312,33.49001,-99.32267,27,3,71.3232,66.7512,129,4.052,4640.8571,1414.53324408,1,-59,2,10,9,2802.3616800000004,66.78166284280996,0.36096340991374687,0.6109634099137469
20.09999990463257,1774896450.5,Mar 30 2026 13:47:30.500 UTC,3224.2353600000006,2809.0977600000006,33.48996,-99.32262,28,3,71.0184,65.532,129,4.052,4663.1684,1421.3337283199999,1,-59,1,14,7,2808.988032,65.80638275785532,0.35041556854720773,0.6004155685472077
20.199999809265137,1774896450.6,Mar 30 2026 13:47:30.600 UTC,3230.75808,2815.62048,33.48993,-99.32256,27,3,71.0184,64.61760000000001,129,4.052,4686.3658,1428.40429584,1,-59,4,16,4,2815.5229440000003,64.83094577867269,0.33986603033947016,0.5898660303394702
20.299999952316284,1774896450.7,Mar 30 2026 13:47:30.700 UTC,3237.1893600000003,2822.0517600000003,33.48988,-99.32249,26,3,71.0184,63.7032,129,4.052,4710.4582,1435.7476593600002,1,-59,1,19,4,2821.954224,63.76414348956496,0.3283283587633173,0.5783283587633172
20.399999856948853,1774896450.8,Mar 30 2026 13:47:30.800 UTC,3243.5292,2828.3916,33.48985,-99.32243,26,3,70.7136,62.1792,129,4.052,4733.6561,1442.81837928,1,-59,0,21,3,2828.2757760000004,62.697346287355685,0.3167907422029479,0.5667907422029479
20.5,1774896450.9,Mar 30 2026 13:47:30.900 UTC,3249.74712,2834.60952,33.4898,-99.32238,27,3,70.4088,61.2648,129,4.052,4755.967,1449.6187416,1,-59,0,8,15,2834.493696,61.63054399824796,0.3052530706267951,0.5552530706267951
20.59999990463257,1774896451.0,Mar 30 2026 13:47:31.000 UTC,3255.84312,2840.70552,33.48976,-99.32232,28,3,70.4088,60.3504,129,4.052,4780.0594,1456.9621051200002,1,-59,1,16,8,2840.601888,60.53333772909173,0.2933865741690412,0.5433865741690411
20.699999809265137,1774896451.1,Mar 30 2026 13:47:31.100 UTC,3261.8476800000003,2846.7100800000003,33.48972,-99.32226,27,3,70.4088,59.1312,129,4.052,4803.2574,1464.03285552,1,-59,1,17,5,2846.6003520000004,59.43598713758547,0.2815185168373628,0.5315185168373628
20.799999952316284,1774896451.2,Mar 30 2026 13:47:31.200 UTC,3267.73032,2852.59272,33.48968,-99.3222,28,3,70.104,58.216800000000006,129,4.052,4825.5682,1470.83318736,1,-59,1,19,4,2852.4890880000003,63.85559662102787,0.3293174419385253,0.5793174419385253
20.899999856948853,1774896451.3,Mar 30 2026 13:47:31.300 UTC,3273.5215200000002,2858.38392,33.48964,-99.32214,28,3,70.104,56.997600000000006,129,4.052,4848.7662,1477.9039377600002,1,-59,1,18,4,2859.3714720000007,68.18374526999105,0.3761272005548795,0.6261272005548795
21.0,1774896451.4,Mar 30 2026 13:47:31.400 UTC,3279.1908000000003,2864.0532000000003,33.4896,-99.32208,27,3,70.104,56.083200000000005,129,4.052,4872.8586,1485.2473012799999,1,-59,1,17,4,2866.12584,56.08312791154185,0.24525670057943114,0.49525670057943116
21.199999809265137,1774896451.6,Mar 30 2026 13:47:31.600 UTC,3290.25504,2875.11744,33.48952,-99.32197,28,3,69.7992,53.949600000000004,129,4.051,4918.3675,1499.1184140000003,1,-59,1,12,11,2872.758288,54.457531528889376,0.227675563596576,0.47767556359657604
21.299999952316284,1774896451.7,Mar 30 2026 13:47:31.700 UTC,3295.61952,2880.48192,33.48948,-99.32191,28,3,69.7992,52.7304,129,4.051,4941.5658,1506.1892558400002,1,-59,1,13,8,2879.268816,64.49566316982236,0.33623988455256315,0.5862398845525632
21.399999856948853,1774896451.8,Mar 30 2026 13:47:31.800 UTC,3300.8925600000002,2885.75496,33.48944,-99.32185,28,3,69.4944,51.816,129,4.051,4963.8763,1512.98949624,1,-59,1,13,7,2885.6574240000004,57.79008075593083,0.2637177233159049,0.5137177233159049
21.5,1774896451.9,Mar 30 2026 13:47:31.900 UTC,3306.0741600000006,2890.9365600000006,33.4894,-99.32179,28,3,69.4944,50.9016,129,4.051,4987.0747,1520.0603685600001,1,-59,0,16,5,2890.826832,51.20638662886995,0.1925138073031186,0.4425138073031186
21.59999990463257,1774896452.0,Mar 30 2026 13:47:32.000 UTC,3311.13384,2895.99624,33.48936,-99.32173,28,3,69.4944,49.6824,129,4.051,5011.1672,1527.4037625600001,1,-59,0,15,8,2895.898704,50.17012784596409,0.1813064696107035,0.4313064696107035
21.699999809265137,1774896452.1,Mar 30 2026 13:47:32.100 UTC,3316.10208,2900.96448,33.48932,-99.32168,28,3,69.1896,48.768,129,4.051,5032.5835,1533.9314508,1,-59,0,13,12,2900.8608480000003,49.07278960833537,0.16943854588858256,0.41943854588858254
21.799999952316284,1774896452.2,Mar 30 2026 13:47:32.200 UTC,3320.97888,2905.84128,33.48928,-99.32162,28,3,69.1896,47.5488,129,4.051,5055.7822,1541.00241456,1,-59,0,10,15,2905.713264,47.97550725382462,0.15757122655311165,0.4075712265531116
21.899999856948853,1774896452.3,Mar 30 2026 13:47:32.300 UTC,3325.70328,2910.56568,33.48924,-99.32156,28,3,68.8848,46.6344,129,4.051,5078.0924,1547.8025635200001,1,-59,0,10,14,2910.4559520000003,46.87823013155321,0.14570396380531378,0.3957039638053138
22.0,1774896452.4,Mar 30 2026 13:47:32.400 UTC,3330.33624,2915.19864,33.4892,-99.3215,28,3,68.8848,45.415200000000006,129,4.051,5101.2911,1554.8735272800002,1,-59,0,10,14,2915.088912,45.780947777042456,0.13383664446984284,0.38383664446984284
22.09999990463257,1774896452.5,Mar 30 2026 13:47:32.500 UTC,3334.8472800000004,2919.7096800000004,33.48917,-99.32145,28,3,68.8848,44.500800000000005,129,4.051,5122.7073,1561.4011850400002,1,-59,0,9,15,2919.612144,44.74468267185512,0.12262923840073975,0.37262923840073975
22.199999809265137,1774896452.6,Mar 30 2026 13:47:32.600 UTC,3339.26688,2924.12928,33.48912,-99.32139,28,3,68.58,43.281600000000005,129,4.051,5146.8,1568.7446400000001,1,-59,0,9,13,2924.0378400000004,43.738790807374244,0.11175032476135179,0.36175032476135177
22.299999952316284,1774896452.7,Mar 30 2026 13:47:32.700 UTC,3343.59504,2928.45744,33.48909,-99.32133,28,3,68.8848,42.367200000000004,129,4.051,5168.2163,1575.2723282400002,1,-59,0,8,13,2928.3599040000004,54.01057284819581,0.222841619651568,0.472841619651568
22.399999856948853,1774896452.8,Mar 30 2026 13:47:32.800 UTC,3347.8317600000005,2932.6941600000005,33.48905,-99.32127,28,3,68.58,41.4528,129,4.051,5191.4152,1582.3433529600002,1,-59,0,8,13,2934.8399520000003,63.977506708844885,0.3306359229442505,0.5806359229442505
22.5,1774896452.9,Mar 30 2026 13:47:32.900 UTC,3351.9465600000003,2936.8089600000003,33.48901,-99.32122,28,3,68.58,40.5384,129,4.051,5213.7253,1589.1434714400002,1,-59,0,5,15,2941.1554080000005,53.59594715066032,0.21835736312714785,0.4683573631271478
22.899999856948853,1774896453.3,Mar 30 2026 13:47:33.300 UTC,3367.24752,2952.10992,33.48885,-99.32099,27,3,67.9704,36.2712,129,4.051,5303.8494,1616.6132971200002,1,-59,0,2,18,2947.300176,50.86494403407414,0.18882104008553188,0.4388210400855319
23.0,1774896453.4,Mar 30 2026 13:47:33.400 UTC,3370.8441600000006,2955.7065600000005,33.48881,-99.32093,28,3,67.9704,35.3568,129,4.051,5327.0485,1623.6843828,1,-59,0,3,17,2953.274256,58.917823990974284,0.2759144829226379,0.5259144829226379
23.09999990463257,1774896453.5,Mar 30 2026 13:47:33.500 UTC,3374.3188800000003,2959.1812800000002,33.48877,-99.32088,28,3,67.9704,34.1376,129,4.047,5348.4647,1630.2120405600003,1,-59,0,5,14,2959.083744,45.99436386364505,0.13614478042102082,0.38614478042102085
23.199999809265137,1774896453.6,Mar 30 2026 13:47:33.600 UTC,3377.7021600000003,2962.5645600000003,33.48874,-99.32082,28,3,67.6656,33.2232,129,4.047,5371.6641,1637.28321768,1,-59,0,5,16,2962.4731200000006,33.40607319818628,0.0,0.25
23.299999952316284,1774896453.7,Mar 30 2026 13:47:33.700 UTC,3380.994,2965.8564,33.4887,-99.32076,28,3,67.6656,32.004000000000005,129,4.047,5393.0803,1643.81087544,1,-59,0,8,15,2965.7649600000004,32.43071110528763,-0.010548728298198575,0.2605487282981986
23.399999856948853,1774896453.8,Mar 30 2026 13:47:33.800 UTC,3384.1944000000003,2969.0568000000003,33.48866,-99.32071,28,3,67.6656,31.0896,129,4.047,5415.39,1650.6108720000002,1,-59,1,8,14,2968.9592640000005,31.424873743204444,-0.02142705248369142,0.2714270524836914
23.5,1774896453.9,Mar 30 2026 13:47:33.900 UTC,3387.3033600000003,2972.1657600000003,33.48862,-99.32065,28,3,67.3608,30.1752,129,4.047,5438.5893,1657.68201864,1,-59,1,10,12,2972.0499360000003,30.388551519499742,-0.03263507630052617,0.2826350763005262
23.59999990463257,1774896454.0,Mar 30 2026 13:47:34.000 UTC,3390.2904000000003,2975.1528000000003,33.48858,-99.32059,28,3,67.3608,28.956000000000003,129,4.047,5460.0056,1664.20970688,1,-59,1,9,13,2975.0369760000003,29.352267992502675,-0.04384268160503834,0.29384268160503835
23.699999809265137,1774896454.1,Mar 30 2026 13:47:34.100 UTC,3393.1555200000003,2978.0179200000002,33.48854,-99.32053,27,3,67.3608,28.041600000000003,129,4.047,5483.2051,1671.28091448,1,-59,1,9,12,2977.920384,28.346394404492457,-0.054721397580887204,0.30472139758088723
23.799999952316284,1774896454.2,Mar 30 2026 13:47:34.200 UTC,3395.9292,2980.7916,33.4885,-99.32048,28,3,67.3608,27.127200000000002,129,4.047,5504.6213,1677.80857224,1,-53,1,11,10,2980.7062560000004,27.371032311599265,-0.06527012587902677,0.31527012587902675
23.899999856948853,1774896454.3,Mar 30 2026 13:47:34.300 UTC,3398.61144,2983.47384,33.48846,-99.32043,28,3,67.3608,25.908,129,4.047,5526.0375,1684.3362300000001,1,-53,1,14,8,2983.3945920000006,26.39567486957276,-0.07581880387715018,0.3258188038771502
24.0,1774896454.4,Mar 30 2026 13:47:34.400 UTC,3401.23272,2986.09512,33.48843,-99.32037,28,3,67.056,24.9936,129,4.047,5549.2372,1691.40749856,1,-53,1,12,11,2985.985392,25.450792842078954,-0.08603788441601098,0.336037884416011
24.09999990463257,1774896454.5,Mar 30 2026 13:47:34.500 UTC,3403.73208,2988.59448,33.48839,-99.32031,28,3,67.056,24.0792,129,4.047,5570.6534,1697.93515632,1,-53,1,14,9,2988.4847520000003,24.53642339975886,-0.09592696548799017,0.3459269654879902
24.199999809265137,1774896454.6,Mar 30 2026 13:47:34.600 UTC,3406.10952,2990.97192,33.48835,-99.32026,28,3,67.056,23.1648,129,4.047,5592.9629,1704.7350919200003,1,-53,1,14,7,2990.8926720000004,23.591515538129897,-0.1061463254279827,0.3561463254279827
24.299999952316284,1774896454.7,Mar 30 2026 13:47:34.700 UTC,3408.4260000000004,2993.2884000000004,33.48831,-99.3202,28,3,66.7512,21.945600000000002,129,4.047,5616.1625,1711.8063300000001,1,-53,1,13,8,2993.2030560000003,22.585673379828222,-0.11702470148549937,0.36702470148549937
24.399999856948853,1774896454.8,Mar 30 2026 13:47:34.800 UTC,3410.6510399999997,2995.5134399999997,33.48827,-99.32014,28,3,66.7512,21.336000000000002,129,4.047,5637.5787,1718.3339877600001,1,-53,1,14,8,2995.409808,21.61031593781081,-0.12757337948352443,0.37757337948352443
24.5,1774896454.9,Mar 30 2026 13:47:34.900 UTC,3412.78464,2997.64704,33.48823,-99.32009,28,3,66.7512,20.1168,129,4.047,5658.995,1724.861676,1,-53,0,14,10,2997.5251200000002,20.63495384491216,-0.13812210778172299,0.38812210778172296
24.59999990463257,1774896455.0,Mar 30 2026 13:47:35.000 UTC,3414.76584,2999.62824,33.48819,-99.32003,28,3,66.7512,19.2024,129,4.047,5682.1948,1731.9329750400002,1,-53,1,13,10,2999.5368,19.598658690736556,-0.14932983883640338,0.3993298388364034
24.699999809265137,1774896455.1,Mar 30 2026 13:47:35.100 UTC,3416.6860800000004,3001.5484800000004,33.48816,-99.31998,28,3,66.7512,18.288,129,4.047,5703.611,1738.4606328,1,-53,1,13,10,3001.444848,18.56231680984274,-0.16053807524951247,0.41053807524951247
24.799999952316284,1774896455.2,Mar 30 2026 13:47:35.200 UTC,3418.4844000000003,3003.3468000000003,33.48812,-99.31992,28,3,66.4464,17.0688,129,4.047,5725.0272,1744.9882905600002,1,-53,1,12,12,3003.249264,17.556474651544704,-0.1714164513069898,0.4214164513069898
24.899999856948853,1774896455.3,Mar 30 2026 13:47:35.300 UTC,3420.1912800000005,3005.0536800000004,33.48808,-99.31986,28,3,66.4464,16.154400000000003,129,4.047,5748.2272,1752.0596505600001,1,-53,1,14,9,3004.9561440000007,16.55063728945788,-0.182294775492522,0.432294775492522
25.0,1774896455.4,Mar 30 2026 13:47:35.400 UTC,3421.80672,3006.66912,33.48804,-99.31981,28,3,66.4464,14.9352,129,4.047,5769.6434,1758.5873083200001,1,-53,1,15,8,3006.559392,15.514315065751362,-0.19350279930937642,0.4435027993093764
25.09999990463257,1774896455.5,Mar 30 2026 13:47:35.500 UTC,3423.30024,3008.16264,33.488,-99.31976,28,3,66.4464,14.020800000000001,129,4.05,5791.0596,1765.11496608,1,-53,0,16,8,3008.059008,14.508493836377966,-0.20438094901651552,0.4543809490165155
25.199999809265137,1774896455.6,Mar 30 2026 13:47:35.600 UTC,3424.70232,3009.56472,33.48796,-99.3197,28,3,66.1416,13.1064,129,4.05,5812.4758,1771.6426238400002,1,-53,0,17,6,3009.461088,13.502638016148921,-0.21525947283039967,0.4652594728303997
25.299999952316284,1774896455.7,Mar 30 2026 13:47:35.700 UTC,3425.98248,3010.84488,33.48793,-99.31964,28,3,66.1416,12.192,129,4.05,5835.6759,1778.7140143200002,1,-53,0,16,7,3010.7595360000005,12.496795857850884,-0.226137848887877,0.476137848887877
25.399999856948853,1774896455.8,Mar 30 2026 13:47:35.800 UTC,3427.20168,3012.06408,33.48789,-99.31959,28,3,66.1416,11.277600000000001,129,4.05,5857.0921,1785.24167208,1,-53,0,15,7,3011.9604480000007,11.490958495764062,-0.2370161730734092,0.48701617307340916
25.5,1774896455.9,Mar 30 2026 13:47:35.900 UTC,3428.2989600000005,3013.1613600000005,33.48785,-99.31953,28,3,66.1416,10.3632,129,4.05,5878.5083,1791.7693298400002,1,-53,0,15,7,3013.057728,10.485116337462387,-0.24789454913092585,0.49789454913092585
25.59999990463257,1774896456.0,Mar 30 2026 13:47:36.000 UTC,3429.3048000000003,3014.1672000000003,33.48781,-99.31948,28,3,65.8368,9.144,129,4.05,5899.9245,1798.2969876000002,1,-53,0,15,8,3014.0574720000004,9.479289040154981,-0.25877276446393627,0.5087727644639363
25.699999809265137,1774896456.1,Mar 30 2026 13:47:36.100 UTC,3430.18872,3015.05112,33.48778,-99.31942,27,3,65.8368,8.2296,129,4.05,5922.2321,1805.09634408,1,-53,0,14,8,3014.9535840000003,8.442959222453283,-0.26998087041130653,0.5199808704113065
25.799999952316284,1774896456.2,Mar 30 2026 13:47:36.200 UTC,3430.9812,3015.8436,33.48774,-99.31937,28,3,65.8368,7.315200000000001,129,4.05,5943.6482,1811.62397136,1,-58,0,15,8,3015.746064,7.437117064155245,-0.28085924646878385,0.5308592464687838
25.899999856948853,1774896456.3,Mar 30 2026 13:47:36.300 UTC,3431.68224,3016.54464,33.4877,-99.31931,28,3,65.8368,6.4008,129,4.05,5965.0644,1818.15162912,1,-58,0,14,9,3016.4410080000007,6.4617596221341955,-0.29140792446684827,0.5414079244668483
26.0,1774896456.4,Mar 30 2026 13:47:36.400 UTC,3432.2613600000004,3017.1237600000004,33.48766,-99.31926,28,3,65.8368,5.1816,129,4.05,5986.4806,1824.67928688,1,-58,0,13,9,3017.0384160000003,5.486397529237365,-0.30195665276502714,0.5519566527650271
26.09999990463257,1774896456.5,Mar 30 2026 13:47:36.500 UTC,3432.77952,3017.64192,33.48763,-99.31921,28,3,65.532,4.2672,129,4.05,6007.8968,1831.2069446400003,1,-58,0,13,8,3017.5382880000006,4.511044302067603,-0.31250528517866566,0.5625052851786656
26.199999809265137,1774896456.6,Mar 30 2026 13:47:36.600 UTC,3433.1757600000005,3018.0381600000005,33.48759,-99.31915,28,3,65.532,3.3528000000000002,129,4.05,6031.0972,1838.27842656,1,-58,0,10,11,3017.9406240000003,3.566160239817691,-0.32272438772380446,0.5727243877238044
26.299999952316284,1774896456.7,Mar 30 2026 13:47:36.700 UTC,3433.4805600000004,3018.3429600000004,33.48755,-99.31909,28,3,65.532,2.4384,129,4.05,6052.5134,1844.80608432,1,-58,0,6,14,3018.2515200000003,2.5907981469226797,-0.3332731160219637,0.5832731160219637
26.399999856948853,1774896456.8,Mar 30 2026 13:47:36.800 UTC,3433.69392,3018.55632,33.48751,-99.31904,28,3,65.532,1.524,129,4.05,6073.0371,1851.06170808,1,-58,0,6,14,3018.458784,1.61544070490163,-0.34382179402002805,0.5938217940200281
26.5,1774896456.9,Mar 30 2026 13:47:36.900 UTC,3433.8158399999998,3018.6782399999997,33.48748,-99.31898,28,3,65.532,0.6096,129,4.05,6094.4532,1857.5893353600002,1,-58,0,5,13,3018.574608,0.6705586774096446,-0.35404087455886923,0.6040408745588692
26.59999990463257,1774896457.0,Mar 30 2026 13:47:37.000 UTC,3433.8158399999998,3018.6782399999997,33.48744,-99.31893,28,3,65.2272,0.0,129,4.05,6115.8694,1864.11699312,1,-58,0,5,13,3018.592896,-0.33528031974674377,-0.3649192164279927,0.6149192164279926
26.699999809265137,1774896457.1,Mar 30 2026 13:47:37.100 UTC,3433.7548800000004,3018.6172800000004,33.4874,-99.31888,28,3,65.2272,-1.2192,129,4.05,6137.2856,1870.6446508800002,1,-58,0,5,13,3018.507552,-1.3411185175355058,-0.3757975496518018,0.6257975496518018
26.799999952316284,1774896457.2,Mar 30 2026 13:47:37.200 UTC,3433.572,3018.4344,33.48736,-99.31882,28,3,65.2272,-2.1336,129,4.05,6158.7019,1877.17233912,1,-63,0,6,12,3018.324672,-2.28600054502931,-0.3860166301906626,0.6360166301906627
26.899999856948853,1774896457.3,Mar 30 2026 13:47:37.300 UTC,3433.2672000000002,3018.1296,33.48733,-99.31876,28,3,65.2272,-3.048,129,4.05,6181.0101,1883.9718784800002,1,-63,0,6,12,3018.050352,-3.2308780669882253,-0.39623566200129856,0.6462356620012986
27.0,1774896457.4,Mar 30 2026 13:47:37.400 UTC,3432.90144,3017.76384,33.48729,-99.31871,28,3,64.92240000000001,-3.9624,129,4.05,6202.4263,1890.4995362400002,1,-63,0,6,12,3017.678496,-4.206240159888694,-0.4067843902995168,0.6567843902995167
27.09999990463257,1774896457.5,Mar 30 2026 13:47:37.500 UTC,3432.44424,3017.30664,33.48725,-99.31866,28,3,64.92240000000001,-5.1816,129,4.048,6223.8424,1897.0271635200002,1,-63,0,5,13,3017.2091039999996,-5.120644883429122,-0.4166738529446677,0.6666738529446676
27.199999809265137,1774896457.6,Mar 30 2026 13:47:37.600 UTC,3431.8956000000003,3016.7580000000003,33.48721,-99.3186,28,3,64.92240000000001,-5.7912,129,4.048,6245.2586,1903.5548212800002,1,-63,0,5,12,3016.654368,-6.035037398429267,-0.4265631835521114,0.6765631835521114
27.299999952316284,1774896457.7,Mar 30 2026 13:47:37.700 UTC,3431.22504,3016.08744,33.48718,-99.31855,28,3,64.92240000000001,-7.010400000000001,129,4.048,6265.7824,1909.8104755200002,1,-63,0,4,11,3016.002096,-6.979919425924891,-0.4367822640909919,0.686782264090992
27.399999856948853,1774896457.8,Mar 30 2026 13:47:37.800 UTC,3430.49352,3015.35592,33.48714,-99.3185,28,3,64.61760000000001,-7.9248,129,4.048,6287.1986,1916.33813328,1,-63,0,4,12,3015.2583840000007,-7.924796947880168,-0.4470012959015885,0.6970012959015885
27.5,1774896457.9,Mar 30 2026 13:47:37.900 UTC,3429.64008,3014.50248,33.48708,-99.31844,28,3,64.61760000000001,-8.5344,129,4.048,6313.9722,1924.4987265600003,1,-63,0,3,12,3014.417136000001,-8.900159040786093,-0.4575500241998658,0.7075500241998658
27.59999990463257,1774896458.0,Mar 30 2026 13:47:38.000 UTC,3428.7256800000005,3013.5880800000004,33.48707,-99.31839,27,3,64.61760000000001,-9.7536,129,4.048,6329.1387,1929.1214757600003,1,-63,0,3,12,3013.478352,-9.87552941804097,-0.4680988420949675,0.7180988420949674
27.699999809265137,1774896458.1,Mar 30 2026 13:47:38.100 UTC,3427.6893600000003,3012.5517600000003,33.48703,-99.31834,28,3,64.31280000000001,-10.668000000000001,129,4.048,6350.5549,1935.64913352,1,-63,0,3,12,3012.442032000001,-10.820396330194853,-0.478317759158525,0.728317759158525
27.799999952316284,1774896458.2,Mar 30 2026 13:47:38.200 UTC,3426.53112,3011.39352,33.48699,-99.31828,28,3,64.61760000000001,-11.8872,129,4.048,6371.971,1942.1767608,1,-63,0,3,13,3011.3142720000005,-11.765278357690477,-0.48853683969740547,0.7385368396974055
27.899999856948853,1774896458.3,Mar 30 2026 13:47:38.300 UTC,3425.31192,3010.17432,33.48695,-99.31823,27,3,64.61760000000001,-12.4968,129,4.048,6393.3873,1948.70444904,1,-63,0,5,12,3010.088976000001,-12.71015587965121,-0.4987558715080611,0.7487558715080611
28.0,1774896458.4,Mar 30 2026 13:47:38.400 UTC,3424.0012800000004,3008.8636800000004,33.48692,-99.31817,28,3,64.31280000000001,-13.411200000000001,129,4.048,6415.6962,1955.5042017600001,1,-63,0,5,14,3008.7722400000002,-13.624557841745627,-0.5086453042876432,0.7586453042876432
28.09999990463257,1774896458.5,Mar 30 2026 13:47:38.500 UTC,3422.5992,3007.4616,33.48688,-99.31812,28,3,64.31280000000001,-14.325600000000001,129,4.048,6437.1123,1962.03182904,1,-63,0,5,15,3007.364064,-14.56945389451539,-0.5188645365125563,0.7688645365125563
28.199999809265137,1774896458.6,Mar 30 2026 13:47:38.600 UTC,3421.10568,3005.96808,33.48684,-99.31806,28,3,64.31280000000001,-15.5448,129,4.048,6458.5284,1968.5594563200002,1,-63,0,6,14,3005.858352,-15.575275051214703,-0.5297426854337112,0.7797426854337112
28.299999952316284,1774896458.7,Mar 30 2026 13:47:38.700 UTC,3419.49024,3004.35264,33.48681,-99.31801,27,3,64.00800000000001,-16.4592,129,4.048,6479.0526,1974.81523248,1,-63,0,7,13,3004.2490080000007,-16.611597274923042,-0.5409507092505853,0.7909507092505853
28.399999856948853,1774896458.8,Mar 30 2026 13:47:38.800 UTC,3417.7833600000004,3002.6457600000003,33.48677,-99.31796,27,3,64.00800000000001,-17.6784,129,4.048,6500.4687,1981.3428597600002,1,-63,0,7,13,3002.5360320000004,-17.617434637008046,-0.5518290334360978,0.8018290334360978
28.5,1774896458.9,Mar 30 2026 13:47:38.900 UTC,3415.9545600000006,3000.8169600000006,33.48674,-99.3179,27,3,64.00800000000001,-18.5928,129,4.048,6520.9929,1987.59863592,1,-63,0,9,11,3000.7255200000004,-37.94763826083181,-0.7717040889013234,1.0217040889013234
28.59999990463257,1774896459.0,Mar 30 2026 13:47:39.000 UTC,3414.03432,2998.89672,33.4867,-99.31785,27,3,64.00800000000001,-19.5072,129,4.048,6542.409,1994.1262632,1,-63,0,8,13,2994.9465120000004,-85.58792162300233,-1.286942900103459,1.536942900103459
28.699999809265137,1774896459.1,Mar 30 2026 13:47:39.100 UTC,3412.05312,2996.91552,33.48666,-99.31779,27,3,64.00800000000001,-20.4216,129,4.048,6563.8252,2000.6539209600003,1,-63,0,8,14,2983.6079520000003,-103.83801556869872,-1.4843211700315218,1.7343211700315218
29.59999990463257,1774896460.0,Mar 30 2026 13:47:40.000 UTC,3390.5952,2975.4576,33.48634,-99.31733,26,3,59.1312,-26.822400000000002,129,4.049,6746.7568,2056.4114726400003,1,-61,0,10,10,2967.490128,-18.963300393374084,-0.566384829989112,0.816384829989112
30.59999990463257,1774896461.0,Mar 30 2026 13:47:41.000 UTC,3361.0905600000006,2945.9529600000005,33.48604,-99.31685,28,3,52.7304,-28.651200000000003,122,4.049,6930.5901,2112.44386248,1,-57,1,6,18,2947.35504,-22.37841599999979,-0.6033199609558796,0.8533199609558796
31.59999990463257,1774896462.0,Mar 30 2026 13:47:42.000 UTC,3335.36544,2920.22784,33.48582,-99.31647,27,3,36.2712,-23.1648,123,4.05,7069.8365,2154.8861652,1,-59,0,15,6,2922.7332960000003,-24.960071999999627,-0.63124106625789,0.88124106625789
32.59999990463257,1774896463.0,Mar 30 2026 13:47:43.000 UTC,3313.35888,2898.22128,33.48565,-99.31624,25,3,22.555200000000003,-22.555200000000003,129,4.05,7163.5203,2183.4409874400003,1,-64,1,15,7,2897.4348960000007,-25.234392000000298,-0.6342078897256436,0.8842078897256436
33.59999990463257,1774896464.0,Mar 30 2026 13:47:44.000 UTC,3288.9444000000003,2873.8068000000003,33.48554,-99.31609,26,3,17.9832,-23.7744,135,4.052,7225.0882,2202.20688336,1,-67,0,13,10,2872.2645119999997,-25.487376000000268,-0.6369439602570092,0.8869439602570092
34.59999990463257,1774896465.0,Mar 30 2026 13:47:45.000 UTC,3264.1032,2848.9656,33.48545,-99.31596,28,3,12.8016,-26.2128,124,4.052,7276.8432,2217.9818073600004,1,-66,0,15,10,2846.460144,-26.657807999999932,-0.649602407052723,0.899602407052723
35.59999990463257,1774896466.0,Mar 30 2026 13:47:46.000 UTC,3235.23864,2820.10104,33.48539,-99.31586,28,3,11.277600000000001,-28.651200000000003,126,4.049,7311.6503,2228.5910114400003,1,-63,2,12,11,2818.948896,-28.008071999999856,-0.6642057714550733,0.9142057714550733
36.59999990463257,1774896467.0,Mar 30 2026 13:47:47.000 UTC,3206.3436,2791.206,33.48534,-99.31577,28,3,10.0584,-30.48,122,4.049,7347.3595,2239.4751756,1,-69,1,18,6,2790.4440000000004,-29.080967999999757,-0.6758093476844799,0.9258093476844799
37.59999990463257,1774896468.0,Mar 30 2026 13:47:48.000 UTC,3175.80264,2760.66504,33.4853,-99.31568,28,3,9.7536,-28.956000000000003,118,4.046,7375.9382,2248.18596336,1,-65,0,6,18,2760.7869600000004,-29.839919999999893,-0.6840175592785793,0.9340175592785793
38.59999990463257,1774896469.0,Mar 30 2026 13:47:49.000 UTC,3146.4199200000003,2731.28232,33.48526,-99.31559,27,3,8.8392,-30.1752,114,4.046,7406.3139,2257.4444767200002,1,-65,1,14,9,2730.7641600000006,-33.159192000000075,-0.7199161232383112,0.9699161232383112
39.59999990463257,1774896470.0,Mar 30 2026 13:47:50.000 UTC,3115.818,2700.6804,33.48523,-99.3155,28,3,10.972800000000001,-30.7848,116,4.049,7435.8107,2266.4351013600003,1,-65,1,10,14,2694.468576,-36.26205600000026,-0.7534741931290433,1.0034741931290432
40.59999990463257,1774896471.0,Mar 30 2026 13:47:51.000 UTC,3085.12464,2669.98704,33.48518,-99.31538,28,3,11.277600000000001,-29.8704,114,4.049,7473.3569,2277.87918312,1,-62,4,14,6,2658.240048,-30.2077119999999,-0.6879953003723726,0.9379953003723726
42.59999990463257,1774896473.0,Mar 30 2026 13:47:53.000 UTC,3024.8656800000003,2609.7280800000003,33.48512,-99.31519,28,3,8.5344,-28.651200000000003,108,4.046,7534.1958,2296.4228798400004,1,-59,2,6,17,2621.9078880000006,-30.333695999999918,-0.6893578415205229,0.9393578415205229
43.59999990463257,1774896474.0,Mar 30 2026 13:47:54.000 UTC,2994.6600000000003,2579.5224000000003,33.48511,-99.3151,28,3,9.7536,-31.6992,91,4.042,7557.5711,2303.54767128,1,-58,0,9,15,2585.4903840000006,-36.47236799999996,-0.7557487577876455,1.0057487577876456
44.59999990463257,1774896475.0,Mar 30 2026 13:47:55.000 UTC,2964.75912,2549.62152,33.48511,-99.31499,28,3,10.668000000000001,-29.260800000000003,87,4.042,7581.9607,2310.98162136,1,-66,0,20,4,2548.9631520000007,-33.430464000000256,-0.7228499820008623,0.9728499820008623
45.59999990463257,1774896476.0,Mar 30 2026 13:47:56.000 UTC,2933.73048,2518.59288,33.4851,-99.31488,27,3,10.972800000000001,-31.3944,104,4.045,7611.7155,2320.0508844,1,-66,0,2,20,2518.629456,-30.3580800000002,-0.6896215591621034,0.9396215591621034
46.59999990463257,1774896477.0,Mar 30 2026 13:47:57.000 UTC,2902.4884800000004,2487.3508800000004,33.48506,-99.31477,28,3,10.0584,-31.3944,118,4.045,7645.803,2330.4407544,1,-58,0,6,17,2488.2469920000003,-30.3123599999999,-0.6891270885841424,0.9391270885841424
47.59999990463257,1774896478.0,Mar 30 2026 13:47:58.000 UTC,2873.1972,2458.0596,33.48502,-99.31467,26,3,10.972800000000001,-28.956000000000003,120,4.051,7680.7733,2341.09970184,1,-52,0,13,11,2458.0047360000003,-30.077663999999913,-0.6865888062839597,0.9365888062839597
48.59999990463257,1774896479.0,Mar 30 2026 13:47:59.000 UTC,2842.7476800000004,2427.6100800000004,33.48498,-99.31458,27,3,10.3632,-29.260800000000003,123,4.051,7712.1223,2350.65487704,1,-52,0,12,11,2428.0916640000005,-29.61741600000005,-0.6816111357991869,0.9316111357991869
49.59999990463257,1774896480.0,Mar 30 2026 13:48:00.000 UTC,2813.5478399999997,2398.41024,33.48493,-99.31447,27,3,9.7536,-29.8704,121,4.048,7748.8459,2361.8482303200003,1,-52,0,13,10,2398.769904,-29.32176000000004,-0.6784135593950602,0.9284135593950602
50.59999990463257,1774896481.0,Mar 30 2026 13:48:01.000 UTC,2784.16512,2369.02752,33.48489,-99.3144,28,3,8.5344,-28.651200000000003,123,4.048,7774.7531,2369.74474488,1,-59,0,12,10,2369.4481440000004,-29.172408000000132,-0.6767982888403994,0.9267982888403994
51.59999990463257,1774896482.0,Mar 30 2026 13:48:02.000 UTC,2755.8796800000005,2340.7420800000004,33.48484,-99.31432,28,3,7.9248,-28.956000000000003,128,4.046,7803.3459,2378.45983032,1,-57,0,14,10,2340.425088,-29.09925599999997,-0.6760071359156652,0.9260071359156652
52.59999990463257,1774896483.0,Mar 30 2026 13:48:03.000 UTC,2726.5884,2311.4508,33.48479,-99.31427,28,3,5.7912,-28.956000000000003,144,4.046,7826.4898,2385.51409104,1,-57,2,15,7,2311.2496320000005,-29.248607999999876,-0.6776224064703261,0.9276224064703261
53.59999990463257,1774896484.0,Mar 30 2026 13:48:04.000 UTC,2697.6324,2282.4948,33.48475,-99.31422,28,3,7.315200000000001,-29.5656,140,4.051,7848.6896,2392.28059008,1,-60,1,12,11,2281.927872,-29.611320000000205,-0.6815452063887941,0.9315452063887941
54.59999990463257,1774896485.0,Mar 30 2026 13:48:05.000 UTC,2667.6705600000005,2252.53296,33.4847,-99.31419,27,3,4.8768,-29.260800000000003,158,4.051,7868.2083,2398.2298898400004,1,-62,3,17,4,2252.026992,-30.10814400000004,-0.6869184533359328,0.9369184533359328
55.59999990463257,1774896486.0,Mar 30 2026 13:48:06.000 UTC,2637.55632,2222.41872,33.48466,-99.31416,28,3,3.3528000000000002,-30.7848,155,4.046,7882.3621,2402.54396808,1,-61,3,15,6,2221.711584,-30.525719999999865,-0.6914346179479447,0.9414346179479447
56.59999990463257,1774896487.0,Mar 30 2026 13:48:07.000 UTC,2606.37528,2191.23768,33.48464,-99.31416,28,3,1.8288000000000002,-30.7848,124,4.046,7889.4075,2404.6914060000004,1,-61,1,9,13,2190.9755520000003,-30.821375999999873,-0.6946321943520714,0.9446321943520714
57.59999990463257,1774896488.0,Mar 30 2026 13:48:08.000 UTC,2575.0113600000004,2159.87376,33.48464,-99.31414,28,3,0.0,-30.7848,33,4.052,7893.0316,2405.7960316800004,1,-61,4,14,6,2160.0688320000004,-30.93415200000004,-0.6958518884443688,0.9458518884443688
58.59999990463257,1774896489.0,Mar 30 2026 13:48:09.000 UTC,2543.95224,2128.81464,33.48464,-99.31413,27,3,1.8288000000000002,-30.7848,24,4.052,7893.9722,2406.08272656,1,-58,1,10,11,2129.1072480000003,-30.92500800000016,-0.6957529943287786,0.9457529943287786
59.59999990463257,1774896490.0,Mar 30 2026 13:48:10.000 UTC,2513.1369600000003,2097.9993600000003,33.48466,-99.31413,27,3,0.0,-29.8704,-21,4.052,7892.2999,2405.57300952,1,-63,1,11,12,2098.218816,-30.897576000000072,-0.695456311982003,0.945456311982003
60.59999990463257,1774896491.0,Mar 30 2026 13:48:11.000 UTC,2482.7484,2067.6108,33.48466,-99.31413,27,3,1.524,-30.48,23,4.052,7891.429,2405.3075592,1,-62,1,14,9,2067.312096,-30.961584000000016,-0.6961485707911432,0.9461485707911432
61.59999990463257,1774896492.0,Mar 30 2026 13:48:12.000 UTC,2451.93312,2036.79552,33.48468,-99.31412,27,3,2.7432000000000003,-30.7848,-3,4.052,7888.0221,2404.26913608,1,-57,0,17,6,2036.295648,-31.04692799999998,-0.6970715825366639,0.9470715825366639
62.59999990463257,1774896493.0,Mar 30 2026 13:48:13.000 UTC,2420.47776,2005.34016,33.4847,-99.31412,26,3,2.7432000000000003,-32.004000000000005,41,4.052,7883.6753,2402.9442314400003,1,-55,0,12,10,2005.2182400000002,-37.22827199999995,-0.7639240046765462,1.013924004676546
63.59999990463257,1774896494.0,Mar 30 2026 13:48:14.000 UTC,2388.8700000000003,1973.7324,33.48473,-99.31406,27,3,7.9248,-31.3944,66,4.055,7890.328,2404.9719744000004,1,-60,1,16,7,1961.8391040000001,-43.20235200000002,-0.8285348268630214,1.0785348268630215
64.59999990463257,1774896495.0,Mar 30 2026 13:48:15.000 UTC,2357.74992,1942.61232,33.48475,-99.31399,27,3,7.010400000000001,-30.7848,70,4.055,7903.3545,2408.9424516000004,1,-60,0,17,6,1918.813536,-36.19398399999997,-0.7527379813796364,1.0027379813796364
67.59999990463257,1774896498.0,Mar 30 2026 13:48:18.000 UTC,2265.85272,1850.71512,33.48479,-99.31372,20,3,8.5344,-28.346400000000003,84,4.042,7957.9258,2425.57578384,1,-58,1,13,6,1871.7158400000003,-44.0029599999998,-0.8371935560948118,1.0871935560948118
68.59999990463257,1774896499.0,Mar 30 2026 13:48:19.000 UTC,2236.80528,1821.6676800000002,33.48482,-99.31364,24,3,6.4008,-28.346400000000003,59,4.046,7971.1715,2429.6130732,1,-58,0,11,11,1818.2783040000004,-44.445935999999904,-0.84198442658347,1.09198442658347
70.59999990463257,1774896501.0,Mar 30 2026 13:48:21.000 UTC,2184.9892800000002,1769.8516800000002,33.48487,-99.31352,20,3,6.4008,-29.260800000000003,64,0.0,7987.9031,2434.7128648800003,1,-66,1,10,8,1765.3528320000003,-23.320247999999992,-0.6135060548618106,0.8635060548618106
72.59999990463257,1774896503.0,Mar 30 2026 13:48:23.000 UTC,2121.68232,1706.5447199999999,33.48486,-99.31341,18,3,5.486400000000001,-29.8704,65,0.0,8018.9906,2444.18833488,1,-63,2,12,4,1724.9973120000004,-33.92220800000041,-0.7281682877726757,0.9781682877726757
73.59999990463257,1774896504.0,Mar 30 2026 13:48:24.000 UTC,2093.1225600000002,1677.98496,33.48489,-99.31333,25,3,6.4008,-28.651200000000003,93,0.0,8030.753,2447.7735144,1,-53,1,21,3,1684.2028799999998,-38.630352000000244,-0.7790877690672526,1.0290877690672526
74.59999990463257,1774896505.0,Mar 30 2026 13:48:25.000 UTC,2064.07512,1648.93752,33.48489,-99.31328,25,3,5.7912,-30.48,77,0.0,8043.7265,2451.7278372,1,-66,0,17,8,1647.736608,-33.13175999999987,-0.7196194408915344,0.9696194408915344
75.59999990463257,1774896506.0,Mar 30 2026 13:48:26.000 UTC,2032.83312,1617.69552,33.48492,-99.3132,25,3,10.3632,-30.48,62,4.047,8054.7456,2455.08645888,1,-54,0,16,9,1617.93936,-30.01365599999997,-0.6858965474748194,0.9358965474748194
76.59999990463257,1774896507.0,Mar 30 2026 13:48:27.000 UTC,2002.65792,1587.5203199999999,33.48496,-99.31309,25,3,9.7536,-30.1752,70,4.047,8074.3194,2461.05255312,1,-51,4,17,3,1587.709296,-30.428183999999987,-0.6903797473816362,0.9403797473816362
77.59999990463257,1774896508.0,Mar 30 2026 13:48:28.000 UTC,1972.6960800000002,1557.5584800000001,33.485,-99.313,24,3,9.7536,-30.1752,50,4.045,8086.5443,2464.77870264,1,-51,4,11,9,1557.082992,-30.629351999999926,-0.6925554179246496,0.9425554179246496
78.59999990463257,1774896509.0,Mar 30 2026 13:48:29.000 UTC,1941.97224,1526.83464,33.48507,-99.3129,25,3,12.4968,-31.0896,57,4.045,8096.8345,2467.9151556,1,-50,1,15,9,1526.4505920000001,-30.90367200000003,-0.6955222413923969,0.9455222413923969
79.59999990463257,1774896510.0,Mar 30 2026 13:48:30.000 UTC,1910.9436,1495.806,33.4851,-99.3128,25,3,8.8392,-29.5656,73,4.049,8114.9044,2473.42286112,1,-50,0,14,11,1495.275648,-31.464504000000034,-0.7015877471486782,0.9515877471486782
80.59999990463257,1774896511.0,Mar 30 2026 13:48:31.000 UTC,1879.67112,1464.53352,33.48513,-99.3127,25,3,10.3632,-32.6136,67,4.049,8134.465,2479.3849320000004,1,-50,2,20,3,1463.521584,-31.869887999999946,-0.7059720529399023,0.9559720529399023
81.59999990463257,1774896512.0,Mar 30 2026 13:48:32.000 UTC,1846.7832,1431.6456,33.48516,-99.31257,25,3,14.020800000000001,-32.6136,74,4.051,8160.0302,2487.1772049600004,1,-58,0,20,4,1431.5358720000002,-31.854647999999997,-0.7058072294139169,0.9558072294139169
82.59999990463257,1774896513.0,Mar 30 2026 13:48:33.000 UTC,1813.92576,1398.78816,33.4852,-99.31241,25,3,17.0688,-32.004000000000005,69,4.051,8190.8841,2496.5814736800003,1,-64,1,20,3,1399.812288,-31.525464000000056,-0.702247041252622,0.952247041252622
83.59999990463257,1774896514.0,Mar 30 2026 13:48:34.000 UTC,1782.0436800000002,1366.9060800000002,33.48527,-99.31224,25,3,17.9832,-31.3944,65,4.051,8218.2486,2504.92217328,1,-60,1,19,5,1368.484944,-30.9219599999999,-0.6957200296235786,0.9457200296235786
84.59999990463257,1774896515.0,Mar 30 2026 13:48:35.000 UTC,1752.3256800000001,1337.1880800000001,33.48535,-99.31207,25,3,18.5928,-29.5656,60,4.051,8245.4538,2513.21431824,1,-67,2,13,8,1337.9683680000003,-30.062423999999965,-0.6864239827579743,0.9364239827579743
85.59999990463257,1774896516.0,Mar 30 2026 13:48:36.000 UTC,1723.0344,1307.8968,33.48544,-99.31188,25,3,19.5072,-28.651200000000003,55,4.052,8273.3736,2521.7242732800005,1,-54,1,15,9,1308.360096,-29.407104000000118,-0.6793365711405821,0.9293365711405821
86.59999990463257,1774896517.0,Mar 30 2026 13:48:37.000 UTC,1694.20032,1279.06272,33.48554,-99.31171,25,3,20.4216,-29.260800000000003,57,4.052,8293.9609,2527.99928232,1,-54,1,13,7,1279.15416,-29.26384799999994,-0.6777872299963127,0.9277872299963127
87.59999990463257,1774896518.0,Mar 30 2026 13:48:38.000 UTC,1665.8844000000001,1250.7468000000001,33.48563,-99.31151,24,3,21.945600000000002,-27.432000000000002,61,4.049,8327.7645,2538.3026196,1,-61,1,11,12,1249.8324000000002,-29.071823999999992,-0.6757104535688908,0.9257104535688908
88.59999990463257,1774896519.0,Mar 30 2026 13:48:39.000 UTC,1636.0140000000001,1220.8764,33.48573,-99.3113,25,3,23.1648,-31.0896,59,4.049,8361.2788,2548.51777824,1,-62,0,17,8,1221.010512,-28.562808000000132,-0.6702053478009632,0.9202053478009632
89.59999990463257,1774896520.0,Mar 30 2026 13:48:40.000 UTC,1605.7168800000002,1190.57928,33.48584,-99.31109,25,3,20.4216,-28.956000000000003,59,4.048,8394.9903,2558.79304344,1,-62,0,15,10,1192.706784,-28.203143999999952,-0.6663155125876938,0.9163155125876938
90.59999990463257,1774896521.0,Mar 30 2026 13:48:41.000 UTC,1578.92496,1163.78736,33.48594,-99.3109,25,3,19.5072,-24.9936,59,4.048,8424.0754,2567.65818192,1,-58,0,14,11,1164.6042240000002,-27.941015999999877,-0.6634805479407355,0.9134805479407355
91.59999990463257,1774896522.0,Mar 30 2026 13:48:42.000 UTC,1552.6816800000001,1137.5440800000001,33.48603,-99.31074,25,3,18.8976,-27.432000000000002,52,4.051,8448.6335,2575.1434908,1,-66,0,14,11,1136.8247520000002,-27.593544000000065,-0.659722571548259,0.909722571548259
92.59999990463257,1774896523.0,Mar 30 2026 13:48:43.000 UTC,1525.3716000000002,1110.2340000000002,33.48613,-99.31055,24,3,19.5072,-27.736800000000002,57,4.051,8478.5759,2584.26993432,1,-54,1,11,10,1109.417136,-27.49296000000004,-0.6586347362767517,0.9086347362767517
93.59999990463257,1774896524.0,Mar 30 2026 13:48:44.000 UTC,1497.1166400000002,1081.9790400000002,33.48622,-99.31039,25,3,17.9832,-28.346400000000003,54,4.052,8503.1374,2591.75627952,1,-54,3,16,5,1081.8388320000001,-27.636215999999877,-0.6601840774210175,0.9101840774210175
94.59999990463257,1774896525.0,Mar 30 2026 13:48:45.000 UTC,1468.6788000000001,1053.5412000000001,33.48632,-99.31023,24,3,18.288,-28.346400000000003,57,4.052,8527.3313,2599.13058024,1,-60,0,15,9,1054.1447040000003,-27.590495999999916,-0.6596896068430601,0.9096896068430601
95.59999990463257,1774896526.0,Mar 30 2026 13:48:46.000 UTC,1441.0334400000002,1025.8958400000001,33.48641,-99.31007,25,3,16.4592,-26.5176,47,4.049,8551.8769,2606.61207912,1,-65,1,9,13,1026.6578400000003,-27.4685760000001,-0.6583710186351749,0.9083710186351749
96.59999990463257,1774896527.0,Mar 30 2026 13:48:47.000 UTC,1414.2110400000001,999.0734400000001,33.48651,-99.30993,25,3,19.2024,-25.6032,52,4.049,8570.7203,2612.3555474400005,1,-65,2,16,7,999.2075520000001,-27.611832000000106,-0.6599203597794425,0.9099203597794425
97.59999990463257,1774896528.0,Mar 30 2026 13:48:48.000 UTC,1387.93728,972.79968,33.48663,-99.30978,25,3,16.154400000000003,-27.127200000000002,42,4.051,8587.7846,2617.5567460800003,1,-65,2,11,12,971.4341760000001,-27.931872,-0.6633816538251452,0.9133816538251452
98.59999990463257,1774896529.0,Mar 30 2026 13:48:49.000 UTC,1359.8652,944.7276,33.48674,-99.30966,25,3,16.764,-28.956000000000003,40,4.051,8600.5137,2621.43657576,1,-66,0,3,20,943.3438080000001,-28.337256000000025,-0.6677659596163706,0.9177659596163706
99.59999990463257,1774896530.0,Mar 30 2026 13:48:50.000 UTC,1329.8119199999999,914.6743200000001,33.48685,-99.30956,24,3,14.630400000000002,-29.8704,42,4.048,8609.4968,2624.1746246400003,1,-57,0,6,17,914.759664,-28.803600000000017,-0.6728095595115392,0.9228095595115392
100.59999990463257,1774896531.0,Mar 30 2026 13:48:51.000 UTC,1300.5816,885.4440000000001,33.48696,-99.30945,25,3,14.9352,-30.48,36,4.048,8618.7827,2627.0049669600003,1,-57,0,7,16,885.736608,-28.959047999999996,-0.6744907594765952,0.9244907594765952
101.59999990463257,1774896532.0,Mar 30 2026 13:48:52.000 UTC,1271.29032,856.15272,33.48706,-99.30935,26,3,14.020800000000001,-28.651200000000003,39,4.051,8628.2839,2629.90093272,1,-57,0,11,14,856.841568,-28.49575200000004,-0.6694801242866242,0.9194801242866242
102.59999990463257,1774896533.0,Mar 30 2026 13:48:53.000 UTC,1242.8220000000001,827.6844000000001,33.48717,-99.30926,26,3,15.5448,-27.432000000000002,28,4.051,8632.7336,2631.25720128,1,-61,0,11,15,828.745104,-27.666696,-0.6605137244729906,0.9105137244729906
103.59999990463257,1774896534.0,Mar 30 2026 13:48:54.000 UTC,1215.39,800.2524000000001,33.48729,-99.30917,25,3,15.8496,-26.822400000000002,34,4.051,8637.4871,2632.70606808,1,-50,0,14,9,801.508176,-26.825447999999938,-0.651415465838568,0.901415465838568
104.59999990463257,1774896535.0,Mar 30 2026 13:48:55.000 UTC,1189.3296,774.192,33.48743,-99.30907,26,3,17.9832,-26.2128,33,4.051,8642.0825,2634.1067460000004,1,-50,1,18,7,775.0942080000001,-26.11221599999999,-0.6437017248224283,0.8937017248224283
105.59999990463257,1774896536.0,Mar 30 2026 13:48:56.000 UTC,1164.39696,749.25936,33.48756,-99.30897,25,3,17.6784,-23.7744,30,4.048,8646.4319,2635.43244312,1,-50,0,14,9,749.2837440000001,-25.685496,-0.639086666094823,0.889086666094823
106.59999990463257,1774896537.0,Mar 30 2026 13:48:57.000 UTC,1139.22048,724.08288,33.48771,-99.30886,25,3,17.9832,-24.9936,30,4.048,8652.6448,2637.3261350400003,1,-52,2,17,6,723.7232160000001,-25.563576000000012,-0.6377680778869359,0.8877680778869359
107.59999990463257,1774896538.0,Mar 30 2026 13:48:58.000 UTC,1113.76968,698.63208,33.48785,-99.30877,26,3,18.8976,-26.2128,30,4.05,8655.0981,2638.07390088,1,-52,2,21,3,698.156592,-25.837896,-0.6407349013546821,0.8907349013546821
108.59999990463257,1774896539.0,Mar 30 2026 13:48:59.000 UTC,1087.58736,672.44976,33.48799,-99.30866,26,3,18.5928,-27.127200000000002,33,4.05,8661.5471,2640.0395560800002,1,-52,0,14,10,672.0474240000001,-26.371295999999973,-0.6465037247641885,0.8965037247641885
109.59999990463257,1774896540.0,Mar 30 2026 13:49:00.000 UTC,1061.49648,646.35888,33.48814,-99.30856,26,3,18.8976,-26.2128,29,4.047,8665.7417,2641.3180701600004,1,-58,1,13,12,645.4140000000001,-29.66008800000003,-0.6820726416719471,0.9320726416719471
110.59999990463257,1774896541.0,Mar 30 2026 13:49:01.000 UTC,1033.85112,618.71352,33.48829,-99.30844,24,3,21.031200000000002,-27.736800000000002,34,4.047,8676.1405,2644.4876244,1,-65,0,14,10,612.727248,-35.73170399999998,-0.7477383344247308,0.9977383344247308
111.59999990463257,1774896542.0,Mar 30 2026 13:49:02.000 UTC,1006.05336,590.9157600000001,33.48844,-99.30832,25,3,20.7264,-28.041600000000003,33,4.045,8687.613,2647.9844424,1,-65,1,6,18,573.9505920000001,-32.3392799999999,-0.7110486175402677,0.9610486175402677
113.59999990463257,1774896544.0,Mar 30 2026 13:49:04.000 UTC,950.3359200000001,535.1983200000001,33.48875,-99.30804,25,3,22.250400000000003,-28.651200000000003,37,4.046,8718.3452,2657.3516169600002,1,-55,0,15,10,535.0215360000001,-19.42185600000002,-0.5713441969146167,0.8213441969146167
115.59999990463257,1774896546.0,Mar 30 2026 13:49:06.000 UTC,893.70408,478.56648,33.48908,-99.30775,25,3,22.86,-27.432000000000002,37,4.047,8753.9739,2668.21124472,1,-52,0,12,13,496.26316800000006,-35.21252800000008,-0.7421233463061454,0.9921233463061454
116.59999990463257,1774896547.0,Mar 30 2026 13:49:07.000 UTC,866.8512000000001,451.71360000000004,33.48923,-99.30762,26,3,21.031200000000002,-25.6032,36,4.047,8771.2864,2673.4880947200004,1,-53,0,14,9,453.133968,-40.766999999999996,-0.8021960274104737,1.0521960274104738
117.59999990463257,1774896548.0,Mar 30 2026 13:49:08.000 UTC,840.0592800000001,424.92168,33.48939,-99.30749,24,3,20.1168,-24.6888,34,4.044,8786.9712,2678.2688217600003,1,-56,1,15,8,414.7291680000001,-30.8975759999999,-0.6954563119820012,0.9454563119820012
119.59999990463257,1774896550.0,Mar 30 2026 13:49:10.000 UTC,790.40736,375.26976,33.48968,-99.30728,19,3,19.2024,-26.2128,30,4.048,8808.093,2684.7067464,1,-62,0,6,13,382.9629120000001,-26.195528000000024,-0.6446027600978183,0.8946027600978183
120.59999990463257,1774896551.0,Mar 30 2026 13:49:11.000 UTC,758.3119200000001,343.17432,33.48983,-99.30717,24,3,18.288,-25.6032,25,4.048,8819.6347,2688.2246565600003,1,-62,0,11,13,351.61118400000004,-31.33953600000001,-0.7002361942355936,0.9502361942355936
121.59999990463257,1774896552.0,Mar 30 2026 13:49:12.000 UTC,734.8728,319.7352,33.48999,-99.3071,24,3,17.9832,-25.2984,26,4.049,8821.4536,2688.7790572800004,1,-62,0,11,13,320.28384000000005,-28.992576000000014,-0.6748533712337644,0.9248533712337644
122.59999990463257,1774896553.0,Mar 30 2026 13:49:13.000 UTC,710.0925599999999,294.95496,33.49013,-99.30703,23,3,16.764,-25.2984,16,4.049,8823.8453,2689.5080474400006,1,-62,0,8,14,293.626032,-24.804624000000018,-0.629559866292838,0.879559866292838
123.59999990463257,1774896554.0,Mar 30 2026 13:49:14.000 UTC,683.42256,268.28496,33.49026,-99.30697,23,3,15.5448,-26.5176,16,4.046,8825.3021,2689.9520800800005,1,-62,1,17,5,270.674592,-21.177504,-0.5903318671081926,0.8403318671081926
124.59999990463257,1774896555.0,Mar 30 2026 13:49:15.000 UTC,657.11832,241.98072000000002,33.49039,-99.30693,23,3,14.9352,-25.2984,18,4.046,8820.9149,2688.61486152,1,-52,0,11,11,251.271024,-17.64792,-0.5521587384898573,0.8021587384898573
125.59999990463257,1774896556.0,Mar 30 2026 13:49:16.000 UTC,643.5547200000001,228.41712,33.49052,-99.30688,25,3,14.020800000000001,-5.1816,15,4.051,8821.6449,2688.83736552,1,-52,2,13,7,235.37875200000002,-13.968983999999992,-0.5123703393168599,0.7623703393168599
126.59999990463257,1774896557.0,Mar 30 2026 13:49:17.000 UTC,637.85496,222.71736,33.49064,-99.30682,23,3,14.325600000000001,-9.144,22,4.051,8823.0785,2689.2743268,1,-52,0,9,13,223.33305600000003,-10.058399999999992,-0.47007662254887694,0.7200766225488769
127.59999990463257,1774896558.0,Mar 30 2026 13:49:18.000 UTC,630.6312,215.49360000000001,33.49075,-99.30674,25,3,16.154400000000003,-7.010400000000001,28,4.049,8834.469,2692.7461512,1,-50,1,12,12,215.26195200000004,-7.281672,-0.44004577611424534,0.6900457761142453
128.59999990463257,1774896559.0,Mar 30 2026 13:49:19.000 UTC,623.19408,208.05648000000002,33.49089,-99.30664,24,3,19.5072,-6.096,30,4.049,8848.4516,2697.0080476800003,1,-50,2,14,8,208.76971200000003,-6.559296000000003,-0.43223314098251353,0.6822331409825135
129.59999990463257,1774896560.0,Mar 30 2026 13:49:20.000 UTC,616.7628000000001,201.6252,33.49105,-99.30656,25,3,19.2024,-6.7056000000000004,20,4.046,8855.4727,2699.14807896,1,-52,0,14,11,202.14336000000003,-6.574536000000009,-0.4323979645084995,0.6823979645084994
130.59999990463257,1774896561.0,Mar 30 2026 13:49:21.000 UTC,611.09352,195.95592,33.4912,-99.30647,26,3,17.9832,-5.7912,29,4.046,8863.7479,2701.67035992,1,-51,0,20,6,195.62064,-6.428232000000008,-0.43081565865903476,0.6808156586590348
131.59999990463257,1774896562.0,Mar 30 2026 13:49:22.000 UTC,604.7232,189.5856,33.49132,-99.30636,25,3,16.4592,-7.315200000000001,44,4.049,8884.4918,2707.99310064,1,-59,1,12,11,189.286896,-6.495288000000002,-0.4315408821733727,0.6815408821733727
132.59999990463257,1774896563.0,Mar 30 2026 13:49:23.000 UTC,598.0176,182.88,33.49141,-99.30624,26,3,12.4968,-6.096,50,4.049,8909.013,2715.4671624000002,1,-59,0,16,10,182.630064,-6.900672,-0.4359251879645977,0.6859251879645978
133.59999990463257,1774896564.0,Mar 30 2026 13:49:24.000 UTC,591.5253600000001,176.38776000000001,33.49147,-99.30617,26,3,7.9248,-6.7056000000000004,28,4.048,8924.8262,2720.28702576,1,-50,0,12,13,175.485552,-7.2268080000000054,-0.43945241142069613,0.6894524114206961
134.59999990463257,1774896565.0,Mar 30 2026 13:49:25.000 UTC,583.47864,168.34104,33.49155,-99.30616,26,3,10.0584,-7.9248,-8,4.048,8919.4701,2718.6544864800003,1,-53,0,17,8,168.176448,-7.284719999999993,-0.4400787408194424,0.6900787408194424
135.59999990463257,1774896566.0,Mar 30 2026 13:49:26.000 UTC,575.3709600000001,160.23336000000003,33.49166,-99.30618,26,3,12.8016,-7.9248,-9,4.053,8902.2601,2713.40887848,1,-52,0,14,12,160.91611200000003,-7.287767999999986,-0.4401117055246395,0.6901117055246395
136.59999990463257,1774896567.0,Mar 30 2026 13:49:27.000 UTC,568.17768,153.04008000000002,33.49177,-99.30621,26,3,12.4968,-6.7056000000000004,-9,4.053,8884.4604,2707.98352992,1,-57,0,14,12,153.60091200000002,-7.217663999999999,-0.4393535173051045,0.6893535173051045
137.59999990463257,1774896568.0,Mar 30 2026 13:49:28.000 UTC,561.7159200000001,146.57832,33.49188,-99.30623,26,3,11.8872,-6.096,-13,4.053,8867.5489,2702.82890472,1,-50,0,14,11,146.48078400000003,-7.053072000000014,-0.4375734232244569,0.6875734232244569
138.59999990463257,1774896569.0,Mar 30 2026 13:49:29.000 UTC,554.9493600000001,139.81176,33.49199,-99.30626,25,3,13.411200000000001,-6.7056000000000004,-7,4.053,8848.1802,2696.92532496,1,-53,0,14,11,139.494768,-6.925056000000012,-0.4361889056061753,0.6861889056061753
139.59999990463257,1774896570.0,Mar 30 2026 13:49:30.000 UTC,547.878,132.7404,33.49212,-99.30626,26,3,14.630400000000002,-7.62,8,4.05,8836.2172,2693.2790025599998,1,-50,1,17,8,132.630672,-6.85495199999999,-0.4354307173866399,0.6854307173866399
140.59999990463257,1774896571.0,Mar 30 2026 13:49:31.000 UTC,540.44088,125.30328000000002,33.49225,-99.30622,25,3,14.9352,-7.315200000000001,22,4.05,8835.4166,2693.03497968,1,-57,1,17,6,125.78486400000001,-6.888479999999994,-0.4357933291438089,0.685793329143809
141.59999990463257,1774896572.0,Mar 30 2026 13:49:32.000 UTC,533.8572,118.7196,33.49236,-99.30615,26,3,11.5824,-6.096,33,4.052,8845.9261,2696.2382752800004,1,-49,0,16,10,118.85371200000002,-6.9402959999999965,-0.43635372913216103,0.6863537291321611
142.59999990463257,1774896573.0,Mar 30 2026 13:49:33.000 UTC,527.48688,112.34928000000001,33.49242,-99.30609,24,3,5.486400000000001,-7.010400000000001,38,4.052,8858.6698,2700.12255504,1,-59,1,9,12,111.90427200000002,-6.928103999999998,-0.43622187031137233,0.6862218703113723
143.59999990463257,1774896574.0,Mar 30 2026 13:49:34.000 UTC,520.2936,105.156,33.49245,-99.30608,25,3,3.048,-7.010400000000001,-24,4.049,8858.6235,2700.1084428,1,-64,0,15,10,104.99750400000002,-6.9738240000000005,-0.4367163408893301,0.6867163408893301
144.59999990463257,1774896575.0,Mar 30 2026 13:49:35.000 UTC,513.1308,97.9932,33.49249,-99.30611,26,3,7.315200000000001,-7.010400000000001,-34,4.049,8846.3135,2696.3563548,1,-64,0,14,11,97.95662400000002,-7.110984000000002,-0.4381997526232032,0.6881997526232032
145.59999990463257,1774896576.0,Mar 30 2026 13:49:36.000 UTC,505.90704,90.76944,33.49256,-99.30616,26,3,9.4488,-7.62,-25,4.051,8826.9046,2690.44052208,1,-57,1,11,12,90.77553600000002,-7.150608000000005,-0.4386282937907666,0.6886282937907666
146.59999990463257,1774896577.0,Mar 30 2026 13:49:37.000 UTC,498.6528,83.51520000000001,33.49265,-99.3062,24,3,9.7536,-7.010400000000001,-18,4.051,8808.2102,2684.7424689599998,1,-57,1,16,7,83.65540800000001,-7.114032000000009,-0.43823271732840047,0.6882327173284004
147.59999990463257,1774896578.0,Mar 30 2026 13:49:38.000 UTC,491.58144,76.44384000000001,33.49273,-99.30623,26,3,9.7536,-7.010400000000001,-14,4.053,8791.8719,2679.7625551200003,1,-48,0,11,15,76.547472,-7.147559999999999,-0.43859532908556936,0.6885953290855693
148.59999990463257,1774896579.0,Mar 30 2026 13:49:39.000 UTC,484.69296,69.55536,33.49282,-99.30625,26,3,9.7536,-7.010400000000001,-14,4.053,8777.8956,2675.50257888,1,-66,1,16,8,69.36028800000001,-7.2572879999999955,-0.4397820584726678,0.6897820584726678
149.59999990463257,1774896580.0,Mar 30 2026 13:49:40.000 UTC,477.59112000000005,62.453520000000005,33.49292,-99.30627,25,3,10.668000000000001,-6.7056000000000004,0,4.048,8765.6768,2671.77828864,1,-66,0,16,7,62.03289600000001,-7.443216000000003,-0.44179290548969596,0.691792905489696
150.59999990463257,1774896581.0,Mar 30 2026 13:49:41.000 UTC,469.97112000000004,54.83352000000001,33.493,-99.30625,24,3,8.8392,-6.7056000000000004,25,4.048,8763.2588,2671.04128224,1,-62,2,13,9,54.473856000000005,-7.616952000000005,-0.44367189368593524,0.6936718936859352
151.59999990463257,1774896582.0,Mar 30 2026 13:49:42.000 UTC,462.01584,46.878240000000005,33.49306,-99.30621,26,3,5.7912,-7.62,42,4.051,8770.1371,2673.13778808,1,-56,0,15,11,46.798992,-7.717535999999999,-0.44475972895744215,0.6947597289574421
152.59999990463257,1774896583.0,Mar 30 2026 13:49:43.000 UTC,453.78624,38.64864,33.49308,-99.30618,26,3,2.4384,-7.9248,38,4.051,8777.4474,2675.3659675199997,1,-55,1,13,12,39.03878400000001,-7.7754479999999955,-0.4453860583561886,0.6953860583561886
153.59999990463257,1774896584.0,Mar 30 2026 13:49:44.000 UTC,446.31864,31.18104,33.4931,-99.30618,26,3,1.8288000000000002,-7.010400000000001,2,4.049,8775.9763,2674.91757624,1,-55,0,18,6,31.248096000000007,-7.781544000000002,-0.445451987766583,0.695451987766583
154.59999990463257,1774896585.0,Mar 30 2026 13:49:45.000 UTC,438.79008,23.65248,33.49312,-99.30619,26,3,3.3528000000000002,-7.010400000000001,-32,4.049,8772.2386,2673.7783252800004,1,-63,1,11,12,23.475696000000003,-7.696200000000003,-0.44452897602106195,0.694528976021062
155.59999990463257,1774896586.0,Mar 30 2026 13:49:46.000 UTC,431.01768,15.880080000000001,33.49316,-99.30623,25,3,6.096,-7.9248,-38,4.052,8757.9593,2669.42599464,1,-63,1,11,11,15.855696000000002,-7.5011280000000005,-0.44241923488844237,0.6924192348884424
156.59999990463257,1774896587.0,Mar 30 2026 13:49:47.000 UTC,423.15384,8.01624,33.49321,-99.30627,26,3,8.2296,-7.315200000000001,-34,4.052,8740.2657,2664.03298536,1,-63,1,11,10,8.473440000000002,-6.925056000000001,-0.4361889056061751,0.6861889056061752
157.59999990463257,1774896588.0,Mar 30 2026 13:49:48.000 UTC,415.68624,0.54864,33.49329,-99.30632,26,3,9.144,-6.7056000000000004,-21,4.051,8721.1752,2658.21420096,1,-63,0,16,9,2.005584,-5.672328000000001,-0.42264041177013384,0.6726404117701339
158.59999990463257,1774896589.0,Mar 30 2026 13:49:49.000 UTC,409.40736000000004,-5.73024,33.49337,-99.30634,26,3,7.62,-5.486400000000001,9,4.051,8710.6881,2655.01773288,1,-63,1,11,13,-2.8712160000000004,-4.090416,-0.405531729772797,0.655531729772797
159.59999990463257,1774896590.0,Mar 30 2026 13:49:50.000 UTC,406.4508,-8.6868,33.49341,-99.30632,26,3,0.3048,-0.6096,-91,4.051,8711.8915,2655.3845292,1,-63,1,11,13,-6.175248000000001,-2.5572720000000007,-0.388950483058615,0.638950483058615
160.59999990463257,1774896591.0,Mar 30 2026 13:49:51.000 UTC,406.63367999999997,-8.50392,33.49341,-99.30632,26,3,0.0,0.0,168,4.051,8711.8915,2655.3845292,1,-63,2,12,7,-7.985760000000002,-1.810512000000001,-0.3808741302853058,0.0
